{
   "AT": [
      39.63706047287134,
      2.644040103358036
   ],
   "CTI": [
      39.63654297489387, 
      2.6450341965522184
   ],
   "GC": [
      39.63662170927909,
      2.647266904013215
   ],
   "IE": [
      39.64237989812627,
      2.6467449340133626
   ],
   "ITD": [
      39.63748895303328, 
      2.6461813079334555
   ],
   "JO": [
      39.63950071210501,
      2.643899415362285
   ],
   "MA": [
      39.637723569397664,
      2.647503591212506
   ],
   "MO": [
      39.63614083516525,
      2.648190581043398
   ],
   "RES": [
      39.64307041927258,
      2.646268865530678
   ],
   "RL": [
      39.63548420590507,
      2.6469116236488373
   ],
   "SCT": [
      39.636420494729194,
      2.6491048484908304
   ],
   "SL": [
      39.6390955896763,
      2.6484004612681797
   ],
   "CEP": [
      39.637736603153755,
      2.647599272217422
   ],
   "CJ": [
      39.63492998851981,
      2.650218888613634
   ],
   "CL": [
      39.63838920696088,
      2.642769475409517
   ]
}
