{
   "Day1-5": {
      "Threshold": 30,
      "n_clusters_distortion": 6,
      "PercentUsrCluster": [
         32.68022734071194,
         2.1836673646425364,
         12.772958420580316,
         27.400538438528265,
         18.59108585103201,
         6.371522584504935
      ],
      "TransitionMatricesByCluster": [
         {
            "IN": {
               "IN": 0.0,
               "OUT": 0.0,
               "P1-Este": 0.0,
               "P1-Norte": 0.0,
               "PB-Este": 0.0,
               "PB-Norte": 0.0,
               "SegundaPlanta": 0.0,
               "Sotano": 0.0
            },
            "OUT": {
               "IN": 0.0,
               "OUT": 0.0,
               "P1-Este": 0.6845513414,
               "P1-Norte": 1.7206290472,
               "PB-Este": 2.3311748381,
               "PB-Norte": 35.3931544866,
               "SegundaPlanta": 0.2405180389,
               "Sotano": 0.0555041628
            },
            "P1-Este": {
               "IN": 0.5365402405,
               "OUT": 0.0,
               "P1-Este": 0.0,
               "P1-Norte": 0.0740055504,
               "PB-Este": 0.2775208141,
               "PB-Norte": 1.2395929695,
               "SegundaPlanta": 0.0185013876,
               "Sotano": 0.0
            },
            "P1-Norte": {
               "IN": 0.9065679926,
               "OUT": 0.0,
               "P1-Este": 0.092506938,
               "P1-Norte": 0.0,
               "PB-Este": 0.0555041628,
               "PB-Norte": 4.4958371878,
               "SegundaPlanta": 0.1110083256,
               "Sotano": 0.0
            },
            "PB-Este": {
               "IN": 1.7021276596,
               "OUT": 0.0,
               "P1-Este": 0.3330249769,
               "P1-Norte": 0.1480111008,
               "PB-Este": 0.0,
               "PB-Norte": 3.1267345051,
               "SegundaPlanta": 0.0185013876,
               "Sotano": 0.1480111008
            },
            "PB-Norte": {
               "IN": 36.9842738205,
               "OUT": 0.0,
               "P1-Este": 0.9435707678,
               "P1-Norte": 3.55226642,
               "PB-Este": 2.7382053654,
               "PB-Norte": 0.0,
               "SegundaPlanta": 0.703052729,
               "Sotano": 0.0370027752
            },
            "SegundaPlanta": {
               "IN": 0.2035152636,
               "OUT": 0.0,
               "P1-Este": 0.092506938,
               "P1-Norte": 0.1665124884,
               "PB-Este": 0.0185013876,
               "PB-Norte": 0.6105457909,
               "SegundaPlanta": 0.0,
               "Sotano": 0.0
            },
            "Sotano": {
               "IN": 0.092506938,
               "OUT": 0.0,
               "P1-Este": 0.0,
               "P1-Norte": 0.0,
               "PB-Este": 0.0555041628,
               "PB-Norte": 0.092506938,
               "SegundaPlanta": 0.0,
               "Sotano": 0.0
            }
         },
         {
            "IN": {
               "IN": 0.0,
               "OUT": 0.0,
               "P1-Este": 0.0,
               "PB-Este": 0.0,
               "PB-Norte": 0.0,
               "SegundaPlanta": 0.0,
               "Sotano": 0.0
            },
            "OUT": {
               "IN": 0.0,
               "OUT": 0.0,
               "P1-Este": 1.2857142857,
               "PB-Este": 4.2857142857,
               "PB-Norte": 1.2857142857,
               "SegundaPlanta": 0.1428571429,
               "Sotano": 13.8571428571
            },
            "P1-Este": {
               "IN": 0.4285714286,
               "OUT": 0.0,
               "P1-Este": 0.0,
               "PB-Este": 0.4285714286,
               "PB-Norte": 0.2857142857,
               "SegundaPlanta": 0.0,
               "Sotano": 1.8571428571
            },
            "PB-Este": {
               "IN": 2.7142857143,
               "OUT": 0.0,
               "P1-Este": 0.4285714286,
               "PB-Este": 0.0,
               "PB-Norte": 0.0,
               "SegundaPlanta": 0.0,
               "Sotano": 27.0
            },
            "PB-Norte": {
               "IN": 0.2857142857,
               "OUT": 0.0,
               "P1-Este": 0.1428571429,
               "PB-Este": 0.1428571429,
               "PB-Norte": 0.0,
               "SegundaPlanta": 0.1428571429,
               "Sotano": 1.1428571429
            },
            "SegundaPlanta": {
               "IN": 0.0,
               "OUT": 0.0,
               "P1-Este": 0.0,
               "PB-Este": 0.1428571429,
               "PB-Norte": 0.1428571429,
               "SegundaPlanta": 0.0,
               "Sotano": 0.0
            },
            "Sotano": {
               "IN": 17.4285714286,
               "OUT": 0.0,
               "P1-Este": 1.1428571429,
               "PB-Este": 25.1428571429,
               "PB-Norte": 0.1428571429,
               "SegundaPlanta": 0.0,
               "Sotano": 0.0
            }
         },
         {
            "IN": {
               "IN": 0.0,
               "OUT": 0.0,
               "P1-Este": 0.0,
               "P1-Norte": 0.0,
               "PB-Este": 0.0,
               "PB-Norte": 0.0,
               "SegundaPlanta": 0.0,
               "Sotano": 0.0
            },
            "OUT": {
               "IN": 0.0,
               "OUT": 0.0,
               "P1-Este": 24.3052982586,
               "P1-Norte": 1.1115227862,
               "PB-Este": 3.7050759541,
               "PB-Norte": 1.5561319007,
               "SegundaPlanta": 0.8151167099,
               "Sotano": 0.1482030382
            },
            "P1-Este": {
               "IN": 26.8988514265,
               "OUT": 0.0,
               "P1-Este": 0.0,
               "P1-Norte": 2.7047054465,
               "PB-Este": 9.8555020378,
               "PB-Norte": 1.4449796221,
               "SegundaPlanta": 1.4449796221,
               "Sotano": 0.3705075954
            },
            "P1-Norte": {
               "IN": 0.7410151908,
               "OUT": 0.0,
               "P1-Este": 3.0011115228,
               "P1-Norte": 0.0,
               "PB-Este": 0.3334568359,
               "PB-Norte": 0.2964060763,
               "SegundaPlanta": 0.0741015191,
               "Sotano": 0.0
            },
            "PB-Este": {
               "IN": 2.260096332,
               "OUT": 0.0,
               "P1-Este": 11.448684698,
               "P1-Norte": 0.1482030382,
               "PB-Este": 0.0,
               "PB-Norte": 0.3334568359,
               "SegundaPlanta": 0.1852537977,
               "Sotano": 0.0
            },
            "PB-Norte": {
               "IN": 1.4079288625,
               "OUT": 0.0,
               "P1-Este": 1.5561319007,
               "P1-Norte": 0.4446091145,
               "PB-Este": 0.2964060763,
               "PB-Norte": 0.0,
               "SegundaPlanta": 0.0370507595,
               "Sotano": 0.0
            },
            "SegundaPlanta": {
               "IN": 0.3334568359,
               "OUT": 0.0,
               "P1-Este": 1.9636902557,
               "P1-Norte": 0.0370507595,
               "PB-Este": 0.1482030382,
               "PB-Norte": 0.0741015191,
               "SegundaPlanta": 0.0,
               "Sotano": 0.0
            },
            "Sotano": {
               "IN": 0.0,
               "OUT": 0.0,
               "P1-Este": 0.4446091145,
               "P1-Norte": 0.0,
               "PB-Este": 0.0370507595,
               "PB-Norte": 0.0370507595,
               "SegundaPlanta": 0.0,
               "Sotano": 0.0
            }
         },
         {
            "IN": {
               "IN": 0.0,
               "OUT": 0.0,
               "P1-Este": 0.0,
               "P1-Norte": 0.0,
               "PB-Este": 0.0,
               "PB-Norte": 0.0,
               "SegundaPlanta": 0.0,
               "Sotano": 0.0
            },
            "OUT": {
               "IN": 0.0,
               "OUT": 0.0,
               "P1-Este": 1.8170293683,
               "P1-Norte": 0.6549757025,