{
   "Day1": {
      "Threshold": 29,
      "n_clusters_distortion": 6,
      "PercentUsrCluster": [
         2.032838154808444,
         31.508991399530885,
         17.43549648162627,
         12.900703674745895,
         4.534792806880375,
         31.58717748240813
      ],
      "TransitionMatricesByCluster": [
         {
            "IN": {
               "IN": 0.0,
               "OUT": 0.0,
               "P1-Este": 0.0,
               "P1-Norte": 0.0,
               "PB-Este": 0.0,
               "PB-Norte": 0.0,
               "SegundaPlanta": 0.0
            },
            "OUT": {
               "IN": 0.0,
               "OUT": 0.0,
               "P1-Este": 0.4044489383,
               "P1-Norte": 1.5166835187,
               "PB-Este": 2.9322548028,
               "PB-Norte": 35.6926188069,
               "SegundaPlanta": 0.2022244692
            },
            "P1-Este": {
               "IN": 0.9100101112,
               "OUT": 0.0,
               "P1-Este": 0.0,
               "P1-Norte": 0.1011122346,
               "PB-Este": 0.5055611729,
               "PB-Norte": 0.8088978766,
               "SegundaPlanta": 0.0
            },
            "P1-Norte": {
               "IN": 0.3033367037,
               "OUT": 0.0,
               "P1-Este": 0.1011122346,
               "P1-Norte": 0.0,
               "PB-Este": 0.0,
               "PB-Norte": 3.4378159757,
               "SegundaPlanta": 0.0
            },
            "PB-Este": {
               "IN": 2.5278058645,
               "OUT": 0.0,
               "P1-Este": 0.6066734075,
               "P1-Norte": 0.0,
               "PB-Este": 0.0,
               "PB-Norte": 4.1456016178,
               "SegundaPlanta": 0.0
            },
            "PB-Norte": {
               "IN": 37.0070778564,
               "OUT": 0.0,
               "P1-Este": 1.213346815,
               "P1-Norte": 2.2244691608,
               "PB-Este": 3.7411526795,
               "PB-Norte": 0.0,
               "SegundaPlanta": 0.7077856421
            },
            "SegundaPlanta": {
               "IN": 0.0,
               "OUT": 0.0,
               "P1-Este": 0.0,
               "P1-Norte": 0.0,
               "PB-Este": 0.1011122346,
               "PB-Norte": 0.8088978766,
               "SegundaPlanta": 0.0
            }
         },
         {
            "IN": {
               "IN": 0.0,
               "OUT": 0.0,
               "P1-Este": 0.0,
               "P1-Norte": 0.0,
               "PB-Este": 0.0,
               "PB-Norte": 0.0,
               "SegundaPlanta": 0.0,
               "Sotano": 0.0
            },
            "OUT": {
               "IN": 0.0,
               "OUT": 0.0,
               "P1-Este": 23.9685658153,
               "P1-Norte": 1.1787819253,
               "PB-Este": 4.9115913556,
               "PB-Norte": 1.3752455796,
               "SegundaPlanta": 0.7858546169,
               "Sotano": 0.1964636542
            },
            "P1-Este": {
               "IN": 27.5049115914,
               "OUT": 0.0,
               "P1-Este": 0.0,
               "P1-Norte": 2.1611001965,
               "PB-Este": 11.0019646365,
               "PB-Norte": 0.5893909627,
               "SegundaPlanta": 1.1787819253,
               "Sotano": 0.0
            },
            "P1-Norte": {
               "IN": 1.1787819253,
               "OUT": 0.0,
               "P1-Este": 1.768172888,
               "P1-Norte": 0.0,
               "PB-Este": 0.3929273084,
               "PB-Norte": 0.0,
               "SegundaPlanta": 0.3929273084,
               "Sotano": 0.0
            },
            "PB-Este": {
               "IN": 3.1434184676,
               "OUT": 0.0,
               "P1-Este": 13.163064833,
               "P1-Norte": 0.1964636542,
               "PB-Este": 0.0,
               "PB-Norte": 0.1964636542,
               "SegundaPlanta": 0.0,
               "Sotano": 0.0
            },
            "PB-Norte": {
               "IN": 0.5893909627,
               "OUT": 0.0,
               "P1-Este": 1.3752455796,
               "P1-Norte": 0.1964636542,
               "PB-Este": 0.0,
               "PB-Norte": 0.0,
               "SegundaPlanta": 0.0,
               "Sotano": 0.0
            },
            "SegundaPlanta": {
               "IN": 0.0,
               "OUT": 0.0,
               "P1-Este": 1.9646365422,
               "P1-Norte": 0.0,
               "PB-Este": 0.3929273084,
               "PB-Norte": 0.0,
               "SegundaPlanta": 0.0,
               "Sotano": 0.0
            },
            "Sotano": {
               "IN": 0.0,
               "OUT": 0.0,
               "P1-Este": 0.1964636542,
               "P1-Norte": 0.0,
               "PB-Este": 0.0,
               "PB-Norte": 0.0,
               "SegundaPlanta": 0.0,
               "Sotano": 0.0
            }
         },
         {
            "IN": {
               "IN": 0.0,
               "OUT": 0.0,
               "P1-Este": 0.0,
               "P1-Norte": 0.0,
               "PB-Este": 0.0,
               "PB-Norte": 0.0,
               "SegundaPlanta": 0.0,
               "Sotano": 0.0
            },
            "OUT": {
               "IN": 0.0,
               "OUT": 0.0,
               "P1-Este": 2.4574669187,
               "P1-Norte": 1.0396975425,
               "PB-Este": 31.7580340265,
               "PB-Norte": 2.0793950851,
               "SegundaPlanta": 0.0945179584,
               "Sotano": 0.7561436673
            },
            "P1-Este": {
               "IN": 0.7561436673,
               "OUT": 0.0,
               "P1-Este": 0.0,
               "P1-Norte": 0.0945179584,
               "PB-Este": 5.8601134216,
               "PB-Norte": 0.1890359168,
               "SegundaPlanta": 0.0,
               "Sotano": 0.0
            },
            "P1-Norte": {
               "IN": 0.1890359168,
               "OUT": 0.0,
               "P1-Este": 0.0945179584,
               "P1-Norte": 0.0,
               "PB-Este": 1.0396975425,
               "PB-Norte": 0.0945179584,
               "SegundaPlanta": 0.0945179584,
               "Sotano": 0.0
            },
            "PB-Este": {
               "IN": 35.3497164461,
               "OUT": 0.0,
               "P1-Este": 4.1587901701,
               "P1-Norte": 0.2835538752,
               "PB-Este": 0.0,
               "PB-Norte": 1.4177693762,
               "SegundaPlanta": 0.2835538752,
               "Sotano": 3.4026465028
            },
            "PB-Norte": {
               "IN": 1.1342155009,
               "OUT": 0.0,
               "P1-Este": 0.1890359168,
               "P1-Norte": 0.0,
               "PB-Este": 2.5519848771,
               "PB-Norte": 0.0,
               "SegundaPlanta": 0.0,
               "Sotano": 0.0
            },
            "SegundaPlanta": {
               "IN": 0.0945179584,
               "OUT": 0.0,
               "P1-Este": 0.0,
               "P1-Norte": 0.0945179584,
               "PB-Este": 0.1890359168,
               "PB-Norte": 0.0945179584,
               "SegundaPlanta": 0.0,
               "Sotano": 0.0
            },
            "Sotano": {
               "IN": 0.6616257089,
               "OUT": 0.0,
               "P1-Este": 0.0,
               "P1-Norte": 0.0,
               "PB-Este": 3.4971644612,
               "PB-Norte": 0.0,
               "SegundaPlanta": 0.0,
               "Sotano": 0.0
            }
         },
         {
            "IN": {
               "IN": 0.0,
               "OUT": 0.0,
               "P1-Este": 0.0,
               "P1-Norte": 0.0,
               "PB-Este": 0.0,
               "PB-Norte": 0.0,
               "SegundaPlanta": 0.0
            },
            "OUT": {
               "IN": 0.0,
               "OUT": 0.0,
               "P1-Este": 0.9077155825,
               "P1-Norte": 28.139183056,
               "PB-Este": 1.3615733737,
               "PB-Norte": 2.2692889561,
               "SegundaPlanta": 1.0590015129
            },