{
   "Day2": {
      "Threshold": 28,
      "n_clusters_distortion": 7,
      "PercentUsrCluster": [
         24.153498871331827,
         27.915726109857037,
         16.779533483822423,
         15.425131677953349,
         6.094808126410835,
         7.223476297968396,
         2.407825432656132
      ],
      "TransitionMatricesByCluster": [
         {
            "IN": {
               "IN": 0.0,
               "OUT": 0.0,
               "P1-Este": 0.0,
               "P1-Norte": 0.0,
               "PB-Este": 0.0,
               "PB-Norte": 0.0,
               "SegundaPlanta": 0.0,
               "Sotano": 0.0
            },
            "OUT": {
               "IN": 0.0,
               "OUT": 0.0,
               "P1-Este": 0.2544529262,
               "P1-Norte": 1.9083969466,
               "PB-Este": 1.6539440204,
               "PB-Norte": 36.7684478372,
               "SegundaPlanta": 0.1272264631,
               "Sotano": 0.1272264631
            },
            "P1-Este": {
               "IN": 1.0178117048,
               "OUT": 0.0,
               "P1-Este": 0.0,
               "P1-Norte": 0.0,
               "PB-Este": 0.1272264631,
               "PB-Norte": 0.7633587786,
               "SegundaPlanta": 0.0,
               "Sotano": 0.0
            },
            "P1-Norte": {
               "IN": 1.1450381679,
               "OUT": 0.0,
               "P1-Este": 0.0,
               "P1-Norte": 0.0,
               "PB-Este": 0.0,
               "PB-Norte": 4.834605598,
               "SegundaPlanta": 0.0,
               "Sotano": 0.0
            },
            "PB-Este": {
               "IN": 1.1450381679,
               "OUT": 0.0,
               "P1-Este": 0.0,
               "P1-Norte": 0.0,
               "PB-Este": 0.0,
               "PB-Norte": 2.417302799,
               "SegundaPlanta": 0.0,
               "Sotano": 0.1272264631
            },
            "PB-Norte": {
               "IN": 37.1501272265,
               "OUT": 0.0,
               "P1-Este": 1.5267175573,
               "P1-Norte": 3.8167938931,
               "PB-Este": 1.9083969466,
               "PB-Norte": 0.0,
               "SegundaPlanta": 1.3994910941,
               "Sotano": 0.0
            },
            "SegundaPlanta": {
               "IN": 0.3816793893,
               "OUT": 0.0,
               "P1-Este": 0.1272264631,
               "P1-Norte": 0.2544529262,
               "PB-Este": 0.0,
               "PB-Norte": 0.7633587786,
               "SegundaPlanta": 0.0,
               "Sotano": 0.0
            },
            "Sotano": {
               "IN": 0.0,
               "OUT": 0.0,
               "P1-Este": 0.0,
               "P1-Norte": 0.0,
               "PB-Este": 0.0,
               "PB-Norte": 0.2544529262,
               "SegundaPlanta": 0.0,
               "Sotano": 0.0
            }
         },
         {
            "IN": {
               "IN": 0.0,
               "OUT": 0.0,
               "P1-Este": 0.0,
               "P1-Norte": 0.0,
               "PB-Este": 0.0,
               "PB-Norte": 0.0,
               "SegundaPlanta": 0.0,
               "Sotano": 0.0
            },
            "OUT": {
               "IN": 0.0,
               "OUT": 0.0,
               "P1-Este": 0.7142857143,
               "P1-Norte": 0.4761904762,
               "PB-Este": 41.1904761905,
               "PB-Norte": 0.9523809524,
               "SegundaPlanta": 0.3571428571,
               "Sotano": 0.4761904762
            },
            "P1-Este": {
               "IN": 0.3571428571,
               "OUT": 0.0,
               "P1-Este": 0.0,
               "P1-Norte": 0.0,
               "PB-Este": 2.8571428571,
               "PB-Norte": 0.0,
               "SegundaPlanta": 0.0,
               "Sotano": 0.0
            },
            "P1-Norte": {
               "IN": 0.119047619,
               "OUT": 0.0,
               "P1-Este": 0.119047619,
               "P1-Norte": 0.0,
               "PB-Este": 0.3571428571,
               "PB-Norte": 0.3571428571,
               "SegundaPlanta": 0.0,
               "Sotano": 0.119047619
            },
            "PB-Este": {
               "IN": 42.619047619,
               "OUT": 0.0,
               "P1-Este": 2.380952381,
               "P1-Norte": 0.4761904762,
               "PB-Este": 0.0,
               "PB-Norte": 0.5952380952,
               "SegundaPlanta": 0.0,
               "Sotano": 1.3095238095
            },
            "PB-Norte": {
               "IN": 0.5952380952,
               "OUT": 0.0,
               "P1-Este": 0.0,
               "P1-Norte": 0.119047619,
               "PB-Este": 1.1904761905,
               "PB-Norte": 0.0,
               "SegundaPlanta": 0.0,
               "Sotano": 0.0
            },
            "SegundaPlanta": {
               "IN": 0.0,
               "OUT": 0.0,
               "P1-Este": 0.0,
               "P1-Norte": 0.0,
               "PB-Este": 0.3571428571,
               "PB-Norte": 0.0,
               "SegundaPlanta": 0.0,
               "Sotano": 0.0
            },
            "Sotano": {
               "IN": 0.4761904762,
               "OUT": 0.0,
               "P1-Este": 0.0,
               "P1-Norte": 0.0,
               "PB-Este": 1.4285714286,
               "PB-Norte": 0.0,
               "SegundaPlanta": 0.0,
               "Sotano": 0.0
            }
         },
         {
            "IN": {
               "IN": 0.0,
               "OUT": 0.0,
               "P1-Este": 0.0,
               "P1-Norte": 0.0,
               "PB-Este": 0.0,
               "PB-Norte": 0.0,
               "SegundaPlanta": 0.0
            },
            "OUT": {
               "IN": 0.0,
               "OUT": 0.0,
               "P1-Este": 1.3412816692,
               "P1-Norte": 27.2727272727,
               "PB-Este": 0.8941877794,
               "PB-Norte": 3.4277198212,
               "SegundaPlanta": 0.2980625931
            },
            "P1-Este": {
               "IN": 0.5961251863,
               "OUT": 0.0,
               "P1-Este": 0.0,
               "P1-Norte": 3.7257824143,
               "PB-Este": 0.1490312966,
               "PB-Norte": 0.2980625931,
               "SegundaPlanta": 0.0
            },
            "P1-Norte": {
               "IN": 30.4023845007,
               "OUT": 0.0,
               "P1-Este": 2.9806259314,
               "P1-Norte": 0.0,
               "PB-Este": 2.3845007452,
               "PB-Norte": 6.7064083458,
               "SegundaPlanta": 2.2354694486
            },
            "PB-Este": {
               "IN": 0.8941877794,
               "OUT": 0.0,
               "P1-Este": 0.2980625931,
               "P1-Norte": 2.086438152,
               "PB-Este": 0.0,
               "PB-Norte": 0.1490312966,
               "SegundaPlanta": 0.1490312966
            },
            "PB-Norte": {
               "IN": 1.043219076,
               "OUT": 0.0,
               "P1-Este": 0.1490312966,
               "P1-Norte": 9.2399403875,
               "PB-Este": 0.0,
               "PB-Norte": 0.0,
               "SegundaPlanta": 0.2980625931
            },
            "SegundaPlanta": {
               "IN": 0.2980625931,
               "OUT": 0.0,
               "P1-Este": 0.0,
               "P1-Norte": 2.3845007452,
               "PB-Este": 0.1490312966,
               "PB-Norte": 0.1490312966,
               "SegundaPlanta": 0.0
            }
         },
         {
            "IN": {
               "IN": 0.0,
               "OUT": 0.0,
               "P1-Este": 0.0,
               "P1-Norte": 0.0,
               "PB-Este": 0.0,
               "PB-Norte": 0.0,
               "SegundaPlanta": 0.0,
               "Sotano": 0.0
            },
            "OUT": {
               "IN": 0.0,
               "OUT": 0.0,
               "P1-Este": 26.7651888342,
               "P1-Norte": 1.1494252874,
               "PB-Este": 3.1198686371,
               "PB-Norte": 1.4778325123,
               "SegundaPlanta": 1.1494252874,