{
   "Day3": {
      "Threshold": 32,
      "n_clusters_distortion": 7,
      "PercentUsrCluster": [
         24.856230031948883,
         36.29392971246006,
         8.817891373801917,
         15.654952076677317,
         6.325878594249201,
         2.4920127795527156,
         5.559105431309904
      ],
      "TransitionMatricesByCluster": [
         {
            "IN": {
               "IN": 0.0,
               "OUT": 0.0,
               "P1-Este": 0.0,
               "P1-Norte": 0.0,
               "PB-Este": 0.0,
               "PB-Norte": 0.0,
               "SegundaPlanta": 0.0,
               "Sotano": 0.0
            },
            "OUT": {
               "IN": 0.0,
               "OUT": 0.0,
               "P1-Este": 1.7726798749,
               "P1-Norte": 0.417101147,
               "PB-Este": 35.2450469239,
               "PB-Norte": 2.3983315954,
               "SegundaPlanta": 0.6256517205,
               "Sotano": 0.1042752868
            },
            "P1-Este": {
               "IN": 0.5213764338,
               "OUT": 0.0,
               "P1-Este": 0.0,
               "P1-Norte": 0.0,
               "PB-Este": 3.441084463,
               "PB-Norte": 0.0,
               "SegundaPlanta": 0.2085505735,
               "Sotano": 0.3128258603
            },
            "P1-Norte": {
               "IN": 0.5213764338,
               "OUT": 0.0,
               "P1-Este": 0.0,
               "P1-Norte": 0.0,
               "PB-Este": 0.417101147,
               "PB-Norte": 0.1042752868,
               "SegundaPlanta": 0.0,
               "Sotano": 0.0
            },
            "PB-Este": {
               "IN": 37.8519290928,
               "OUT": 0.0,
               "P1-Este": 2.3983315954,
               "P1-Norte": 0.5213764338,
               "PB-Este": 0.0,
               "PB-Norte": 1.8769551616,
               "SegundaPlanta": 0.3128258603,
               "Sotano": 2.1897810219
            },
            "PB-Norte": {
               "IN": 0.9384775808,
               "OUT": 0.0,
               "P1-Este": 0.2085505735,
               "P1-Norte": 0.1042752868,
               "PB-Este": 2.7111574557,
               "PB-Norte": 0.0,
               "SegundaPlanta": 0.5213764338,
               "Sotano": 0.0
            },
            "SegundaPlanta": {
               "IN": 0.2085505735,
               "OUT": 0.0,
               "P1-Este": 0.0,
               "P1-Norte": 0.0,
               "PB-Este": 1.4598540146,
               "PB-Norte": 0.0,
               "SegundaPlanta": 0.0,
               "Sotano": 0.0
            },
            "Sotano": {
               "IN": 0.5213764338,
               "OUT": 0.0,
               "P1-Este": 0.1042752868,
               "P1-Norte": 0.0,
               "PB-Este": 1.8769551616,
               "PB-Norte": 0.1042752868,
               "SegundaPlanta": 0.0,
               "Sotano": 0.0
            }
         },
         {
            "IN": {
               "IN": 0.0,
               "OUT": 0.0,
               "P1-Este": 0.0,
               "P1-Norte": 0.0,
               "PB-Este": 0.0,
               "PB-Norte": 0.0,
               "SegundaPlanta": 0.0
            },
            "OUT": {
               "IN": 0.0,
               "OUT": 0.0,
               "P1-Este": 0.4731861199,
               "P1-Norte": 1.4195583596,
               "PB-Este": 1.1041009464,
               "PB-Norte": 41.403785489,
               "SegundaPlanta": 0.3943217666
            },
            "P1-Este": {
               "IN": 0.3154574132,
               "OUT": 0.0,
               "P1-Este": 0.0,
               "P1-Norte": 0.0788643533,
               "PB-Este": 0.0,
               "PB-Norte": 0.6309148265,
               "SegundaPlanta": 0.0
            },
            "P1-Norte": {
               "IN": 0.7097791798,
               "OUT": 0.0,
               "P1-Este": 0.0,
               "P1-Norte": 0.0,
               "PB-Este": 0.0,
               "PB-Norte": 3.5488958991,
               "SegundaPlanta": 0.0
            },
            "PB-Este": {
               "IN": 0.3154574132,
               "OUT": 0.0,
               "P1-Este": 0.0,
               "P1-Norte": 0.0,
               "PB-Este": 0.0,
               "PB-Norte": 1.3406940063,
               "SegundaPlanta": 0.0
            },
            "PB-Norte": {
               "IN": 43.4542586751,
               "OUT": 0.0,
               "P1-Este": 0.4731861199,
               "P1-Norte": 2.7602523659,
               "PB-Este": 0.5520504732,
               "PB-Norte": 0.0,
               "SegundaPlanta": 0.3154574132
            },
            "SegundaPlanta": {
               "IN": 0.0,
               "OUT": 0.0,
               "P1-Este": 0.0788643533,
               "P1-Norte": 0.0,
               "PB-Este": 0.0,
               "PB-Norte": 0.6309148265,
               "SegundaPlanta": 0.0
            }
         },
         {
            "IN": {
               "IN": 0.0,
               "OUT": 0.0,
               "P1-Este": 0.0,
               "P1-Norte": 0.0,
               "PB-Este": 0.0,
               "PB-Norte": 0.0,
               "SegundaPlanta": 0.0,
               "Sotano": 0.0
            },
            "OUT": {
               "IN": 0.0,
               "OUT": 0.0,
               "P1-Este": 23.3995584989,
               "P1-Norte": 0.8830022075,
               "PB-Este": 3.7527593819,
               "PB-Norte": 0.8830022075,
               "SegundaPlanta": 1.5452538631,
               "Sotano": 0.0
            },
            "P1-Este": {
               "IN": 26.4900662252,
               "OUT": 0.0,
               "P1-Este": 0.0,
               "P1-Norte": 3.53200883,
               "PB-Este": 8.1677704194,
               "PB-Norte": 1.766004415,
               "SegundaPlanta": 2.2075055188,
               "Sotano": 1.3245033113
            },
            "P1-Norte": {
               "IN": 0.6622516556,
               "OUT": 0.0,
               "P1-Este": 4.1942604857,
               "P1-Norte": 0.0,
               "PB-Este": 0.0,
               "PB-Norte": 0.2207505519,
               "SegundaPlanta": 0.0,
               "Sotano": 0.0
            },
            "PB-Este": {
               "IN": 1.1037527594,
               "OUT": 0.0,
               "P1-Este": 10.5960264901,
               "P1-Norte": 0.0,
               "PB-Este": 0.0,
               "PB-Norte": 0.0,
               "SegundaPlanta": 0.4415011038,
               "Sotano": 0.0
            },
            "PB-Norte": {
               "IN": 1.766004415,
               "OUT": 0.0,
               "P1-Este": 1.1037527594,
               "P1-Norte": 0.4415011038,
               "PB-Este": 0.0,
               "PB-Norte": 0.0,
               "SegundaPlanta": 0.0,
               "Sotano": 0.0
            },
            "SegundaPlanta": {
               "IN": 0.4415011038,
               "OUT": 0.0,
               "P1-Este": 3.0905077263,
               "P1-Norte": 0.2207505519,
               "PB-Este": 0.0,
               "PB-Norte": 0.4415011038,
               "SegundaPlanta": 0.0,
               "Sotano": 0.0
            },
            "Sotano": {
               "IN": 0.0,
               "OUT": 0.0,
               "P1-Este": 1.1037527594,
               "P1-Norte": 0.0,
               "PB-Este": 0.2207505519,
               "PB-Norte": 0.0,
               "SegundaPlanta": 0.0,
               "Sotano": 0.0
            }
         },
         {
            "IN": {
               "IN": 0.0,
               "OUT": 0.0,
               "P1-Este": 0.0,
               "P1-Norte": 0.0,
               "PB-Este": 0.0,
               "PB-Norte": 0.0,
               "SegundaPlanta": 0.0
            },
            "OUT": {
               "IN": 0.0,
               "OUT": 0.0,
               "P1-Este": 1.0869565217,
               "P1-Norte": 32.7639751553,
               "PB-Este": 1.2422360248,
               "PB-Norte": 2.3291925466,
               "SegundaPlanta": 0.6211180124
            },