{
   "Day4": {
      "Threshold": 30,
      "n_clusters_distortion": 7,
      "PercentUsrCluster": [
         18.8715953307393,
         29.31258106355383,
         23.670557717250322,
         12.905317769131,
         6.031128404669261,
         6.939040207522698,
         2.2697795071335927
      ],
      "TransitionMatricesByCluster": [
         {
            "IN": {
               "IN": 0.0,
               "OUT": 0.0,
               "P1-Este": 0.0,
               "P1-Norte": 0.0,
               "PB-Este": 0.0,
               "PB-Norte": 0.0,
               "SegundaPlanta": 0.0,
               "Sotano": 0.0
            },
            "OUT": {
               "IN": 0.0,
               "OUT": 0.0,
               "P1-Este": 0.8706467662,
               "P1-Norte": 31.0945273632,
               "PB-Este": 0.7462686567,
               "PB-Norte": 2.736318408,
               "SegundaPlanta": 0.6218905473,
               "Sotano": 0.1243781095
            },
            "P1-Este": {
               "IN": 0.7462686567,
               "OUT": 0.0,
               "P1-Este": 0.0,
               "P1-Norte": 1.4925373134,
               "PB-Este": 0.3731343284,
               "PB-Norte": 0.0,
               "SegundaPlanta": 0.0,
               "Sotano": 0.0
            },
            "P1-Norte": {
               "IN": 32.4626865672,
               "OUT": 0.0,
               "P1-Este": 1.368159204,
               "P1-Norte": 0.0,
               "PB-Este": 1.1194029851,
               "PB-Norte": 8.2089552239,
               "SegundaPlanta": 1.6169154229,
               "Sotano": 0.0
            },
            "PB-Este": {
               "IN": 0.9950248756,
               "OUT": 0.0,
               "P1-Este": 0.1243781095,
               "P1-Norte": 1.4925373134,
               "PB-Este": 0.0,
               "PB-Norte": 0.1243781095,
               "SegundaPlanta": 0.1243781095,
               "Sotano": 0.0
            },
            "PB-Norte": {
               "IN": 1.8656716418,
               "OUT": 0.0,
               "P1-Este": 0.0,
               "P1-Norte": 8.9552238806,
               "PB-Este": 0.2487562189,
               "PB-Norte": 0.0,
               "SegundaPlanta": 0.0,
               "Sotano": 0.0
            },
            "SegundaPlanta": {
               "IN": 0.1243781095,
               "OUT": 0.0,
               "P1-Este": 0.2487562189,
               "P1-Norte": 1.7412935323,
               "PB-Este": 0.2487562189,
               "PB-Norte": 0.0,
               "SegundaPlanta": 0.0,
               "Sotano": 0.0
            },
            "Sotano": {
               "IN": 0.0,
               "OUT": 0.0,
               "P1-Este": 0.0,
               "P1-Norte": 0.0,
               "PB-Este": 0.1243781095,
               "PB-Norte": 0.0,
               "SegundaPlanta": 0.0,
               "Sotano": 0.0
            }
         },
         {
            "IN": {
               "IN": 0.0,
               "OUT": 0.0,
               "P1-Este": 0.0,
               "P1-Norte": 0.0,
               "PB-Este": 0.0,
               "PB-Norte": 0.0,
               "SegundaPlanta": 0.0,
               "Sotano": 0.0
            },
            "OUT": {
               "IN": 0.0,
               "OUT": 0.0,
               "P1-Este": 0.8108108108,
               "P1-Norte": 1.7117117117,
               "PB-Este": 1.8918918919,
               "PB-Norte": 36.2162162162,
               "SegundaPlanta": 0.0900900901,
               "Sotano": 0.0
            },
            "P1-Este": {
               "IN": 0.4504504505,
               "OUT": 0.0,
               "P1-Este": 0.0,
               "P1-Norte": 0.0,
               "PB-Este": 0.0900900901,
               "PB-Norte": 1.7117117117,
               "SegundaPlanta": 0.0,
               "Sotano": 0.0
            },
            "P1-Norte": {
               "IN": 0.990990991,
               "OUT": 0.0,
               "P1-Este": 0.0900900901,
               "P1-Norte": 0.0,
               "PB-Este": 0.0,
               "PB-Norte": 5.045045045,
               "SegundaPlanta": 0.1801801802,
               "Sotano": 0.0
            },
            "PB-Este": {
               "IN": 0.9009009009,
               "OUT": 0.0,
               "P1-Este": 0.1801801802,
               "P1-Norte": 0.0900900901,
               "PB-Este": 0.0,
               "PB-Norte": 2.3423423423,
               "SegundaPlanta": 0.0,
               "Sotano": 0.0900900901
            },
            "PB-Norte": {
               "IN": 38.1081081081,
               "OUT": 0.0,
               "P1-Este": 1.1711711712,
               "P1-Norte": 4.4144144144,
               "PB-Este": 1.6216216216,
               "PB-Norte": 0.0,
               "SegundaPlanta": 0.7207207207,
               "Sotano": 0.0
            },
            "SegundaPlanta": {
               "IN": 0.2702702703,
               "OUT": 0.0,
               "P1-Este": 0.0,
               "P1-Norte": 0.0900900901,
               "PB-Este": 0.0,
               "PB-Norte": 0.6306306306,
               "SegundaPlanta": 0.0,
               "Sotano": 0.0
            },
            "Sotano": {
               "IN": 0.0,
               "OUT": 0.0,
               "P1-Este": 0.0,
               "P1-Norte": 0.0,
               "PB-Este": 0.0,
               "PB-Norte": 0.0900900901,
               "SegundaPlanta": 0.0,
               "Sotano": 0.0
            }
         },
         {
            "IN": {
               "IN": 0.0,
               "OUT": 0.0,
               "P1-Este": 0.0,
               "P1-Norte": 0.0,
               "PB-Este": 0.0,
               "PB-Norte": 0.0,
               "SegundaPlanta": 0.0,
               "Sotano": 0.0
            },
            "OUT": {
               "IN": 0.0,
               "OUT": 0.0,
               "P1-Este": 0.8092485549,
               "P1-Norte": 0.4624277457,
               "PB-Este": 36.8786127168,
               "PB-Norte": 3.3526011561,
               "SegundaPlanta": 0.2312138728,
               "Sotano": 0.4624277457
            },
            "P1-Este": {
               "IN": 0.8092485549,
               "OUT": 0.0,
               "P1-Este": 0.0,
               "P1-Norte": 0.0,
               "PB-Este": 2.4277456647,
               "PB-Norte": 0.0,
               "SegundaPlanta": 0.0,
               "Sotano": 0.0
            },
            "P1-Norte": {
               "IN": 0.2312138728,
               "OUT": 0.0,
               "P1-Este": 0.0,
               "P1-Norte": 0.0,
               "PB-Este": 1.0404624277,
               "PB-Norte": 0.0,
               "SegundaPlanta": 0.0,
               "Sotano": 0.1156069364
            },
            "PB-Este": {
               "IN": 40.0,
               "OUT": 0.0,
               "P1-Este": 2.4277456647,
               "P1-Norte": 0.5780346821,
               "PB-Este": 0.0,
               "PB-Norte": 0.6936416185,
               "SegundaPlanta": 0.5780346821,
               "Sotano": 1.6184971098
            },
            "PB-Norte": {
               "IN": 0.3468208092,
               "OUT": 0.0,
               "P1-Este": 0.0,
               "P1-Norte": 0.2312138728,
               "PB-Este": 3.2369942197,
               "PB-Norte": 0.0,
               "SegundaPlanta": 0.2312138728,
               "Sotano": 0.0
            },
            "SegundaPlanta": {
               "IN": 0.4624277457,
               "OUT": 0.0,
               "P1-Este": 0.0,
               "P1-Norte": 0.1156069364,
               "PB-Este": 0.4624277457,
               "PB-Norte": 0.0,
               "SegundaPlanta": 0.0,
               "Sotano": 0.0
            },
            "Sotano": {
               "IN": 0.3468208092,
               "OUT": 0.0,
               "P1-Este": 0.0,
               "P1-Norte": 0.0,
               "PB-Este": 1.8497109827,
               "PB-Norte": 0.0,
               "SegundaPlanta": 0.0,