{
   "Day5": {
      "Threshold": 38,
      "n_clusters_distortion": 5,
      "PercentUsrCluster": [
         33.524904214559385,
         25.57471264367816,
         20.593869731800766,
         13.218390804597702,
         7.088122605363985
      ],
      "TransitionMatricesByCluster": [
         {
            "IN": {
               "IN": 0.0,
               "OUT": 0.0,
               "P1-Este": 0.0,
               "P1-Norte": 0.0,
               "PB-Este": 0.0,
               "PB-Norte": 0.0,
               "SegundaPlanta": 0.0,
               "Sotano": 0.0
            },
            "OUT": {
               "IN": 0.0,
               "OUT": 0.0,
               "P1-Este": 1.0215664018,
               "P1-Norte": 2.1566401816,
               "PB-Este": 3.8592508513,
               "PB-Norte": 32.4631101022,
               "SegundaPlanta": 0.113507378,
               "Sotano": 0.113507378
            },
            "P1-Este": {
               "IN": 0.0,
               "OUT": 0.0,
               "P1-Este": 0.0,
               "P1-Norte": 0.113507378,
               "PB-Este": 0.113507378,
               "PB-Norte": 1.4755959137,
               "SegundaPlanta": 0.0,
               "Sotano": 0.0
            },
            "P1-Norte": {
               "IN": 1.2485811578,
               "OUT": 0.0,
               "P1-Este": 0.113507378,
               "P1-Norte": 0.0,
               "PB-Este": 0.0,
               "PB-Norte": 4.7673098751,
               "SegundaPlanta": 0.113507378,
               "Sotano": 0.0
            },
            "PB-Este": {
               "IN": 1.8161180477,
               "OUT": 0.0,
               "P1-Este": 0.3405221339,
               "P1-Norte": 0.4540295119,
               "PB-Este": 0.0,
               "PB-Norte": 4.7673098751,
               "SegundaPlanta": 0.0,
               "Sotano": 0.0
            },
            "PB-Norte": {
               "IN": 36.2088535755,
               "OUT": 0.0,
               "P1-Este": 0.227014756,
               "P1-Norte": 3.4052213394,
               "PB-Este": 3.4052213394,
               "PB-Norte": 0.0,
               "SegundaPlanta": 0.6810442679,
               "Sotano": 0.0
            },
            "SegundaPlanta": {
               "IN": 0.4540295119,
               "OUT": 0.0,
               "P1-Este": 0.0,
               "P1-Norte": 0.113507378,
               "PB-Este": 0.0,
               "PB-Norte": 0.3405221339,
               "SegundaPlanta": 0.0,
               "Sotano": 0.0
            },
            "Sotano": {
               "IN": 0.0,
               "OUT": 0.0,
               "P1-Este": 0.0,
               "P1-Norte": 0.0,
               "PB-Este": 0.0,
               "PB-Norte": 0.113507378,
               "SegundaPlanta": 0.0,
               "Sotano": 0.0
            }
         },
         {
            "IN": {
               "IN": 0.0,
               "OUT": 0.0,
               "P1-Este": 0.0,
               "P1-Norte": 0.0,
               "PB-Este": 0.0,
               "PB-Norte": 0.0,
               "SegundaPlanta": 0.0
            },
            "OUT": {
               "IN": 0.0,
               "OUT": 0.0,
               "P1-Este": 1.072386059,
               "P1-Norte": 29.0884718499,
               "PB-Este": 1.4745308311,
               "PB-Norte": 2.9490616622,
               "SegundaPlanta": 1.2064343164
            },
            "P1-Este": {
               "IN": 0.0,
               "OUT": 0.0,
               "P1-Este": 0.0,
               "P1-Norte": 1.6085790885,
               "PB-Este": 0.0,
               "PB-Norte": 0.0,
               "SegundaPlanta": 0.1340482574
            },
            "P1-Norte": {
               "IN": 33.6461126005,
               "OUT": 0.0,
               "P1-Este": 0.5361930295,
               "P1-Norte": 0.0,
               "PB-Este": 1.8766756032,
               "PB-Norte": 8.0428954424,
               "SegundaPlanta": 0.9383378016
            },
            "PB-Este": {
               "IN": 1.3404825737,
               "OUT": 0.0,
               "P1-Este": 0.1340482574,
               "P1-Norte": 2.144772118,
               "PB-Este": 0.0,
               "PB-Norte": 0.0,
               "SegundaPlanta": 0.0
            },
            "PB-Norte": {
               "IN": 0.8042895442,
               "OUT": 0.0,
               "P1-Este": 0.0,
               "P1-Norte": 9.9195710456,
               "PB-Este": 0.2680965147,
               "PB-Norte": 0.0,
               "SegundaPlanta": 0.2680965147
            },
            "SegundaPlanta": {
               "IN": 0.0,
               "OUT": 0.0,
               "P1-Este": 0.0,
               "P1-Norte": 2.2788203753,
               "PB-Este": 0.0,
               "PB-Norte": 0.2680965147,
               "SegundaPlanta": 0.0
            }
         },
         {
            "IN": {
               "IN": 0.0,
               "OUT": 0.0,
               "P1-Este": 0.0,
               "P1-Norte": 0.0,
               "PB-Este": 0.0,
               "PB-Norte": 0.0,
               "SegundaPlanta": 0.0,
               "Sotano": 0.0
            },
            "OUT": {
               "IN": 0.0,
               "OUT": 0.0,
               "P1-Este": 1.6666666667,
               "P1-Norte": 0.4545454545,
               "PB-Este": 26.2121212121,
               "PB-Norte": 2.1212121212,
               "SegundaPlanta": 0.6060606061,
               "Sotano": 1.5151515152
            },
            "P1-Este": {
               "IN": 1.6666666667,
               "OUT": 0.0,
               "P1-Este": 0.0,
               "P1-Norte": 0.0,
               "PB-Este": 8.1818181818,
               "PB-Norte": 0.0,
               "SegundaPlanta": 0.0,
               "Sotano": 0.1515151515
            },
            "P1-Norte": {
               "IN": 0.9090909091,
               "OUT": 0.0,
               "P1-Este": 0.1515151515,
               "P1-Norte": 0.0,
               "PB-Este": 0.4545454545,
               "PB-Norte": 0.0,
               "SegundaPlanta": 0.303030303,
               "Sotano": 0.0
            },
            "PB-Este": {
               "IN": 27.1212121212,
               "OUT": 0.0,
               "P1-Este": 7.7272727273,
               "P1-Norte": 0.9090909091,
               "PB-Este": 0.0,
               "PB-Norte": 1.0606060606,
               "SegundaPlanta": 0.7575757576,
               "Sotano": 5.4545454545
            },
            "PB-Norte": {
               "IN": 0.7575757576,
               "OUT": 0.0,
               "P1-Este": 0.1515151515,
               "P1-Norte": 0.1515151515,
               "PB-Este": 2.1212121212,
               "PB-Norte": 0.0,
               "SegundaPlanta": 0.1515151515,
               "Sotano": 0.1515151515
            },
            "SegundaPlanta": {
               "IN": 0.4545454545,
               "OUT": 0.0,
               "P1-Este": 0.1515151515,
               "P1-Norte": 0.303030303,
               "PB-Este": 0.6060606061,
               "PB-Norte": 0.303030303,
               "SegundaPlanta": 0.0,
               "Sotano": 0.0
            },
            "Sotano": {
               "IN": 1.6666666667,
               "OUT": 0.0,
               "P1-Este": 0.1515151515,
               "P1-Norte": 0.0,
               "PB-Este": 5.4545454545,
               "PB-Norte": 0.0,
               "SegundaPlanta": 0.0,
               "Sotano": 0.0
            }
         },
         {
            "IN": {
               "IN": 0.0,
               "OUT": 0.0,
               "P1-Este": 0.0,
               "P1-Norte": 0.0,
               "PB-Este": 0.0,
               "PB-Norte": 0.0,
               "SegundaPlanta": 0.0,
               "Sotano": 0.0
            },
            "OUT": {
               "IN": 0.0,
               "OUT": 0.0,
               "P1-Este": 26.8733850129,
               "P1-Norte": 1.5503875969,
               "PB-Este": 4.1343669251,
               "PB-Norte": 2.0671834625,
               "SegundaPlanta": 0.7751937984,