{
   "Day1": {
      "Threshold": 29,
      "n_clusters_distortion": 7,
      "PercentUsrCluster": [
         19.426048565121413,
         4.856512141280353,
         16.335540838852097,
         36.423841059602644,
         7.505518763796909,
         11.699779249448124,
         3.7527593818984544
      ],
      "TransitionMatricesByCluster": [
         {
            "AP-AT-02-W06": {
               "AP-AT-02-W06": 0.0,
               "AP-AT-02-W07": 0.0,
               "AP-AT-02-W10": 0.0,
               "AP-AT-02-W11": 0.0,
               "AP-AT-06-W09": 0.0,
               "AP-AT-06-W39": 0.0,
               "IN": 1.0471204188,
               "OUT": 0.0
            },
            "AP-AT-02-W07": {
               "AP-AT-02-W06": 0.0,
               "AP-AT-02-W07": 0.0,
               "AP-AT-02-W10": 0.0,
               "AP-AT-02-W11": 0.5235602094,
               "AP-AT-06-W09": 0.0,
               "AP-AT-06-W39": 0.0,
               "IN": 0.0,
               "OUT": 0.0
            },
            "AP-AT-02-W10": {
               "AP-AT-02-W06": 0.5235602094,
               "AP-AT-02-W07": 0.0,
               "AP-AT-02-W10": 0.0,
               "AP-AT-02-W11": 2.6178010471,
               "AP-AT-06-W09": 0.0,
               "AP-AT-06-W39": 0.0,
               "IN": 1.5706806283,
               "OUT": 0.0
            },
            "AP-AT-02-W11": {
               "AP-AT-02-W06": 0.5235602094,
               "AP-AT-02-W07": 0.0,
               "AP-AT-02-W10": 2.6178010471,
               "AP-AT-02-W11": 0.0,
               "AP-AT-06-W09": 0.0,
               "AP-AT-06-W39": 0.0,
               "IN": 43.4554973822,
               "OUT": 0.0
            },
            "AP-AT-06-W09": {
               "AP-AT-02-W06": 0.0,
               "AP-AT-02-W07": 0.0,
               "AP-AT-02-W10": 0.0,
               "AP-AT-02-W11": 0.5235602094,
               "AP-AT-06-W09": 0.0,
               "AP-AT-06-W39": 0.0,
               "IN": 0.0,
               "OUT": 0.0
            },
            "AP-AT-06-W39": {
               "AP-AT-02-W06": 0.0,
               "AP-AT-02-W07": 0.0,
               "AP-AT-02-W10": 0.0,
               "AP-AT-02-W11": 0.0,
               "AP-AT-06-W09": 0.5235602094,
               "AP-AT-06-W39": 0.0,
               "IN": 0.0,
               "OUT": 0.0
            },
            "IN": {
               "AP-AT-02-W06": 0.0,
               "AP-AT-02-W07": 0.0,
               "AP-AT-02-W10": 0.0,
               "AP-AT-02-W11": 0.0,
               "AP-AT-06-W09": 0.0,
               "AP-AT-06-W39": 0.0,
               "IN": 0.0,
               "OUT": 0.0
            },
            "OUT": {
               "AP-AT-02-W06": 0.0,
               "AP-AT-02-W07": 0.5235602094,
               "AP-AT-02-W10": 2.0942408377,
               "AP-AT-02-W11": 42.9319371728,
               "AP-AT-06-W09": 0.0,
               "AP-AT-06-W39": 0.5235602094,
               "IN": 0.0,
               "OUT": 0.0
            }
         },
         {
            "AP-AT-02-W06": {
               "AP-AT-02-W06": 0.0,
               "AP-AT-02-W07": 3.3333333333,
               "AP-AT-02-W10": 1.1111111111,
               "AP-AT-02-W11": 0.0,
               "AP-AT-06-W08": 5.5555555556,
               "AP-AT-06-W09": 0.0,
               "AP-AT-06-W39": 0.0,
               "IN": 5.5555555556,
               "OUT": 0.0
            },
            "AP-AT-02-W07": {
               "AP-AT-02-W06": 6.6666666667,
               "AP-AT-02-W07": 0.0,
               "AP-AT-02-W10": 0.0,
               "AP-AT-02-W11": 1.1111111111,
               "AP-AT-06-W08": 2.2222222222,
               "AP-AT-06-W09": 0.0,
               "AP-AT-06-W39": 0.0,
               "IN": 1.1111111111,
               "OUT": 0.0
            },
            "AP-AT-02-W10": {
               "AP-AT-02-W06": 0.0,
               "AP-AT-02-W07": 1.1111111111,
               "AP-AT-02-W10": 0.0,
               "AP-AT-02-W11": 1.1111111111,
               "AP-AT-06-W08": 1.1111111111,
               "AP-AT-06-W09": 0.0,
               "AP-AT-06-W39": 0.0,
               "IN": 0.0,
               "OUT": 0.0
            },
            "AP-AT-02-W11": {
               "AP-AT-02-W06": 1.1111111111,
               "AP-AT-02-W07": 0.0,
               "AP-AT-02-W10": 2.2222222222,
               "AP-AT-02-W11": 0.0,
               "AP-AT-06-W08": 1.1111111111,
               "AP-AT-06-W09": 0.0,
               "AP-AT-06-W39": 0.0,
               "IN": 0.0,
               "OUT": 0.0
            },
            "AP-AT-06-W08": {
               "AP-AT-02-W06": 2.2222222222,
               "AP-AT-02-W07": 5.5555555556,
               "AP-AT-02-W10": 0.0,
               "AP-AT-02-W11": 0.0,
               "AP-AT-06-W08": 0.0,
               "AP-AT-06-W09": 1.1111111111,
               "AP-AT-06-W39": 1.1111111111,
               "IN": 15.5555555556,
               "OUT": 0.0
            },
            "AP-AT-06-W09": {
               "AP-AT-02-W06": 0.0,
               "AP-AT-02-W07": 0.0,
               "AP-AT-02-W10": 0.0,
               "AP-AT-02-W11": 0.0,
               "AP-AT-06-W08": 12.2222222222,
               "AP-AT-06-W09": 0.0,
               "AP-AT-06-W39": 0.0,
               "IN": 1.1111111111,
               "OUT": 0.0
            },
            "AP-AT-06-W39": {
               "AP-AT-02-W06": 0.0,
               "AP-AT-02-W07": 0.0,
               "AP-AT-02-W10": 0.0,
               "AP-AT-02-W11": 0.0,
               "AP-AT-06-W08": 1.1111111111,
               "AP-AT-06-W09": 0.0,
               "AP-AT-06-W39": 0.0,
               "IN": 1.1111111111,
               "OUT": 0.0
            },
            "IN": {
               "AP-AT-02-W06": 0.0,
               "AP-AT-02-W07": 0.0,
               "AP-AT-02-W10": 0.0,
               "AP-AT-02-W11": 0.0,
               "AP-AT-06-W08": 0.0,
               "AP-AT-06-W09": 0.0,
               "AP-AT-06-W39": 0.0,
               "IN": 0.0,
               "OUT": 0.0
            },
            "OUT": {
               "AP-AT-02-W06": 5.5555555556,
               "AP-AT-02-W07": 1.1111111111,
               "AP-AT-02-W10": 0.0,
               "AP-AT-02-W11": 2.2222222222,
               "AP-AT-06-W08": 2.2222222222,
               "AP-AT-06-W09": 12.2222222222,
               "AP-AT-06-W39": 1.1111111111,
               "IN": 0.0,
               "OUT": 0.0
            }
         },
         {
            "AP-AT-02-W06": {
               "AP-AT-02-W06": 0.0,
               "AP-AT-02-W07": 0.0,
               "AP-AT-02-W10": 3.3707865169,
               "AP-AT-02-W11": 0.0,
               "AP-AT-06-W08": 0.0,
               "AP-AT-06-W09": 0.0,
               "AP-AT-06-W39": 0.0,
               "IN": 1.1235955056,
               "OUT": 0.0
            },
            "AP-AT-02-W07": {
               "AP-AT-02-W06": 0.0,
               "AP-AT-02-W07": 0.0,
               "AP-AT-02-W10": 0.5617977528,
               "AP-AT-02-W11": 0.0,
               "AP-AT-06-W08": 0.0,
               "AP-AT-06-W09": 0.0,
               "AP-AT-06-W39": 0.0,
               "IN": 0.5617977528,
               "OUT": 0.0
            },
            "AP-AT-02-W10": {
               "AP-AT-02-W06": 2.808988764,
               "AP-AT-02-W07": 0.5617977528,
               "AP-AT-02-W10": 0.0,
               "AP-AT-02-W11": 1.6853932584,
               "AP-AT-06-W08": 0.5617977528,
               "AP-AT-06-W09": 0.5617977528,
               "AP-AT-06-W39": 1.1235955056,
               "IN": 37.0786516854,
               "OUT": 0.0
            },
            "AP-AT-02-W11": {
               "AP-AT-02-W06": 0.5617977528,
               "AP-AT-02-W07": 0.0,
               "AP-AT-02-W10": 2.808988764,
               "AP-AT-02-W11": 0.0,
               "AP-AT-06-W08": 0.0,
               "AP-AT-06-W09": 0.0,
               "AP-AT-06-W39": 0.0,
               "IN": 0.5617977528,
               "OUT": 0.0
            },
            "AP-AT-06-W08": {
               "AP-AT-02-W06": 0.0,