{
   "Day2": {
      "Threshold": 29,
      "n_clusters_distortion": 7,
      "PercentUsrCluster": [
         42.643391521197,
         18.453865336658353,
         13.466334164588527,
         1.99501246882793,
         10.473815461346634,
         6.733167082294264,
         6.234413965087282
      ],
      "TransitionMatricesByCluster": [
         {
            "AP-AT-02-W06": {
               "AP-AT-02-W06": 0.0,
               "AP-AT-02-W07": 0.0,
               "AP-AT-02-W10": 0.0,
               "AP-AT-02-W11": 0.0,
               "AP-AT-06-W08": 0.5050505051,
               "AP-AT-06-W09": 0.0,
               "AP-AT-06-W39": 0.0,
               "IN": 0.0,
               "OUT": 0.0
            },
            "AP-AT-02-W07": {
               "AP-AT-02-W06": 0.0,
               "AP-AT-02-W07": 0.0,
               "AP-AT-02-W10": 0.0,
               "AP-AT-02-W11": 0.2525252525,
               "AP-AT-06-W08": 3.2828282828,
               "AP-AT-06-W09": 0.0,
               "AP-AT-06-W39": 0.0,
               "IN": 1.0101010101,
               "OUT": 0.0
            },
            "AP-AT-02-W10": {
               "AP-AT-02-W06": 0.0,
               "AP-AT-02-W07": 0.0,
               "AP-AT-02-W10": 0.0,
               "AP-AT-02-W11": 0.0,
               "AP-AT-06-W08": 1.2626262626,
               "AP-AT-06-W09": 0.0,
               "AP-AT-06-W39": 0.0,
               "IN": 2.0202020202,
               "OUT": 0.0
            },
            "AP-AT-02-W11": {
               "AP-AT-02-W06": 0.0,
               "AP-AT-02-W07": 0.0,
               "AP-AT-02-W10": 0.0,
               "AP-AT-02-W11": 0.0,
               "AP-AT-06-W08": 0.2525252525,
               "AP-AT-06-W09": 0.0,
               "AP-AT-06-W39": 0.0,
               "IN": 0.0,
               "OUT": 0.0
            },
            "AP-AT-06-W08": {
               "AP-AT-02-W06": 0.2525252525,
               "AP-AT-02-W07": 2.5252525253,
               "AP-AT-02-W10": 2.0202020202,
               "AP-AT-02-W11": 0.0,
               "AP-AT-06-W08": 0.0,
               "AP-AT-06-W09": 1.0101010101,
               "AP-AT-06-W39": 0.2525252525,
               "IN": 39.3939393939,
               "OUT": 0.0
            },
            "AP-AT-06-W09": {
               "AP-AT-02-W06": 0.0,
               "AP-AT-02-W07": 0.0,
               "AP-AT-02-W10": 0.0,
               "AP-AT-02-W11": 0.0,
               "AP-AT-06-W08": 1.5151515152,
               "AP-AT-06-W09": 0.0,
               "AP-AT-06-W39": 0.0,
               "IN": 0.5050505051,
               "OUT": 0.0
            },
            "AP-AT-06-W39": {
               "AP-AT-02-W06": 0.0,
               "AP-AT-02-W07": 0.0,
               "AP-AT-02-W10": 0.0,
               "AP-AT-02-W11": 0.0,
               "AP-AT-06-W08": 0.5050505051,
               "AP-AT-06-W09": 0.0,
               "AP-AT-06-W39": 0.0,
               "IN": 0.2525252525,
               "OUT": 0.0
            },
            "IN": {
               "AP-AT-02-W06": 0.0,
               "AP-AT-02-W07": 0.0,
               "AP-AT-02-W10": 0.0,
               "AP-AT-02-W11": 0.0,
               "AP-AT-06-W08": 0.0,
               "AP-AT-06-W09": 0.0,
               "AP-AT-06-W39": 0.0,
               "IN": 0.0,
               "OUT": 0.0
            },
            "OUT": {
               "AP-AT-02-W06": 0.2525252525,
               "AP-AT-02-W07": 2.0202020202,
               "AP-AT-02-W10": 1.2626262626,
               "AP-AT-02-W11": 0.0,
               "AP-AT-06-W08": 38.1313131313,
               "AP-AT-06-W09": 1.0101010101,
               "AP-AT-06-W39": 0.5050505051,
               "IN": 0.0,
               "OUT": 0.0
            }
         },
         {
            "AP-AT-02-W06": {
               "AP-AT-02-W06": 0.0,
               "AP-AT-02-W07": 0.0,
               "AP-AT-02-W10": 1.775147929,
               "AP-AT-02-W11": 0.0,
               "AP-AT-06-W08": 0.0,
               "AP-AT-06-W09": 0.0,
               "AP-AT-06-W39": 0.0,
               "IN": 0.5917159763,
               "OUT": 0.0
            },
            "AP-AT-02-W07": {
               "AP-AT-02-W06": 0.0,
               "AP-AT-02-W07": 0.0,
               "AP-AT-02-W10": 1.775147929,
               "AP-AT-02-W11": 0.0,
               "AP-AT-06-W08": 0.0,
               "AP-AT-06-W09": 0.0,
               "AP-AT-06-W39": 0.0,
               "IN": 0.0,
               "OUT": 0.0
            },
            "AP-AT-02-W10": {
               "AP-AT-02-W06": 1.1834319527,
               "AP-AT-02-W07": 1.1834319527,
               "AP-AT-02-W10": 0.0,
               "AP-AT-02-W11": 0.0,
               "AP-AT-06-W08": 0.0,
               "AP-AT-06-W09": 0.5917159763,
               "AP-AT-06-W39": 0.0,
               "IN": 42.6035502959,
               "OUT": 0.0
            },
            "AP-AT-02-W11": {
               "AP-AT-02-W06": 0.0,
               "AP-AT-02-W07": 0.0,
               "AP-AT-02-W10": 1.1834319527,
               "AP-AT-02-W11": 0.0,
               "AP-AT-06-W08": 0.0,
               "AP-AT-06-W09": 0.0,
               "AP-AT-06-W39": 0.0,
               "IN": 0.0,
               "OUT": 0.0
            },
            "AP-AT-06-W08": {
               "AP-AT-02-W06": 0.0,
               "AP-AT-02-W07": 0.0,
               "AP-AT-02-W10": 2.3668639053,
               "AP-AT-02-W11": 0.0,
               "AP-AT-06-W08": 0.0,
               "AP-AT-06-W09": 0.5917159763,
               "AP-AT-06-W39": 0.0,
               "IN": 0.0,
               "OUT": 0.0
            },
            "AP-AT-06-W09": {
               "AP-AT-02-W06": 0.0,
               "AP-AT-02-W07": 0.0,
               "AP-AT-02-W10": 0.5917159763,
               "AP-AT-02-W11": 0.0,
               "AP-AT-06-W08": 0.5917159763,
               "AP-AT-06-W09": 0.0,
               "AP-AT-06-W39": 0.0,
               "IN": 0.5917159763,
               "OUT": 0.0
            },
            "AP-AT-06-W39": {
               "AP-AT-02-W06": 0.0,
               "AP-AT-02-W07": 0.0,
               "AP-AT-02-W10": 0.5917159763,
               "AP-AT-02-W11": 0.0,
               "AP-AT-06-W08": 0.0,
               "AP-AT-06-W09": 0.0,
               "AP-AT-06-W39": 0.0,
               "IN": 0.0,
               "OUT": 0.0
            },
            "IN": {
               "AP-AT-02-W06": 0.0,
               "AP-AT-02-W07": 0.0,
               "AP-AT-02-W10": 0.0,
               "AP-AT-02-W11": 0.0,
               "AP-AT-06-W08": 0.0,
               "AP-AT-06-W09": 0.0,
               "AP-AT-06-W39": 0.0,
               "IN": 0.0,
               "OUT": 0.0
            },
            "OUT": {
               "AP-AT-02-W06": 1.1834319527,
               "AP-AT-02-W07": 0.5917159763,
               "AP-AT-02-W10": 37.2781065089,
               "AP-AT-02-W11": 1.1834319527,
               "AP-AT-06-W08": 2.3668639053,
               "AP-AT-06-W09": 0.5917159763,
               "AP-AT-06-W39": 0.5917159763,
               "IN": 0.0,
               "OUT": 0.0
            }
         },
         {
            "AP-AT-02-W07": {
               "AP-AT-02-W07": 0.0,
               "AP-AT-02-W10": 0.826446281,
               "AP-AT-02-W11": 0.0,
               "AP-AT-06-W08": 0.0,
               "AP-AT-06-W09": 0.826446281,
               "AP-AT-06-W39": 0.0,
               "IN": 0.0,
               "OUT": 0.0
            },
            "AP-AT-02-W10": {
               "AP-AT-02-W07": 0.0,
               "AP-AT-02-W10": 0.0,
               "AP-AT-02-W11": 0.826446281,
               "AP-AT-06-W08": 0.0,
               "AP-AT-06-W09": 0.0,
               "AP-AT-06-W39": 0.0,
               "IN": 0.0,
               "OUT": 0.0
            },
            "AP-AT-02-W11": {
               "AP-AT-02-W07": 0.0,
               "AP-AT-02-W10": 0.0,
               "AP-AT-02-W11": 0.0,
               "AP-AT-06-W08": 0.0,
               "AP-AT-06-W09": 2.479338843,
               "AP-AT-06-W39": 0.0,
               "IN": 0.826446281,