{
   "Day4": {
      "Threshold": 31,
      "n_clusters_distortion": 7,
      "PercentUsrCluster": [
         11.484098939929329,
         29.681978798586574,
         10.247349823321555,
         13.427561837455832,
         15.724381625441698,
         7.243816254416961,
         12.190812720848058
      ],
      "TransitionMatricesByCluster": [
         {
            "AP-AT-02-W06": {
               "AP-AT-02-W06": 0.0,
               "AP-AT-02-W07": 3.6082474227,
               "AP-AT-02-W10": 5.6701030928,
               "AP-AT-02-W11": 1.0309278351,
               "AP-AT-06-W08": 0.5154639175,
               "AP-AT-06-W09": 0.0,
               "IN": 30.9278350515,
               "OUT": 0.0
            },
            "AP-AT-02-W07": {
               "AP-AT-02-W06": 7.2164948454,
               "AP-AT-02-W07": 0.0,
               "AP-AT-02-W10": 0.5154639175,
               "AP-AT-02-W11": 0.0,
               "AP-AT-06-W08": 0.5154639175,
               "AP-AT-06-W09": 0.0,
               "IN": 0.5154639175,
               "OUT": 0.0
            },
            "AP-AT-02-W10": {
               "AP-AT-02-W06": 9.793814433,
               "AP-AT-02-W07": 0.0,
               "AP-AT-02-W10": 0.0,
               "AP-AT-02-W11": 0.0,
               "AP-AT-06-W08": 0.0,
               "AP-AT-06-W09": 0.0,
               "IN": 2.0618556701,
               "OUT": 0.0
            },
            "AP-AT-02-W11": {
               "AP-AT-02-W06": 1.0309278351,
               "AP-AT-02-W07": 0.0,
               "AP-AT-02-W10": 0.0,
               "AP-AT-02-W11": 0.0,
               "AP-AT-06-W08": 0.0,
               "AP-AT-06-W09": 0.0,
               "IN": 0.0,
               "OUT": 0.0
            },
            "AP-AT-06-W08": {
               "AP-AT-02-W06": 2.0618556701,
               "AP-AT-02-W07": 0.5154639175,
               "AP-AT-02-W10": 0.0,
               "AP-AT-02-W11": 0.0,
               "AP-AT-06-W08": 0.0,
               "AP-AT-06-W09": 0.0,
               "IN": 0.0,
               "OUT": 0.0
            },
            "AP-AT-06-W09": {
               "AP-AT-02-W06": 0.5154639175,
               "AP-AT-02-W07": 0.0,
               "AP-AT-02-W10": 0.0,
               "AP-AT-02-W11": 0.0,
               "AP-AT-06-W08": 0.0,
               "AP-AT-06-W09": 0.0,
               "IN": 0.0,
               "OUT": 0.0
            },
            "IN": {
               "AP-AT-02-W06": 0.0,
               "AP-AT-02-W07": 0.0,
               "AP-AT-02-W10": 0.0,
               "AP-AT-02-W11": 0.0,
               "AP-AT-06-W08": 0.0,
               "AP-AT-06-W09": 0.0,
               "IN": 0.0,
               "OUT": 0.0
            },
            "OUT": {
               "AP-AT-02-W06": 21.1340206186,
               "AP-AT-02-W07": 4.6391752577,
               "AP-AT-02-W10": 5.6701030928,
               "AP-AT-02-W11": 0.0,
               "AP-AT-06-W08": 1.5463917526,
               "AP-AT-06-W09": 0.5154639175,
               "IN": 0.0,
               "OUT": 0.0
            }
         },
         {
            "AP-AT-02-W06": {
               "AP-AT-02-W06": 0.0,
               "AP-AT-02-W07": 0.0,
               "AP-AT-02-W10": 3.2581453634,
               "AP-AT-02-W11": 0.2506265664,
               "AP-AT-06-W08": 0.0,
               "AP-AT-06-W09": 0.0,
               "AP-AT-06-W39": 0.0,
               "IN": 0.7518796992,
               "OUT": 0.0
            },
            "AP-AT-02-W07": {
               "AP-AT-02-W06": 0.0,
               "AP-AT-02-W07": 0.0,
               "AP-AT-02-W10": 1.5037593985,
               "AP-AT-02-W11": 0.2506265664,
               "AP-AT-06-W08": 0.5012531328,
               "AP-AT-06-W09": 0.0,
               "AP-AT-06-W39": 0.0,
               "IN": 0.2506265664,
               "OUT": 0.0
            },
            "AP-AT-02-W10": {
               "AP-AT-02-W06": 3.007518797,
               "AP-AT-02-W07": 1.0025062657,
               "AP-AT-02-W10": 0.0,
               "AP-AT-02-W11": 1.0025062657,
               "AP-AT-06-W08": 0.2506265664,
               "AP-AT-06-W09": 0.0,
               "AP-AT-06-W39": 0.2506265664,
               "IN": 39.5989974937,
               "OUT": 0.0
            },
            "AP-AT-02-W11": {
               "AP-AT-02-W06": 0.5012531328,
               "AP-AT-02-W07": 0.0,
               "AP-AT-02-W10": 1.2531328321,
               "AP-AT-02-W11": 0.0,
               "AP-AT-06-W08": 0.0,
               "AP-AT-06-W09": 0.0,
               "AP-AT-06-W39": 0.0,
               "IN": 1.0025062657,
               "OUT": 0.0
            },
            "AP-AT-06-W08": {
               "AP-AT-02-W06": 0.0,
               "AP-AT-02-W07": 0.2506265664,
               "AP-AT-02-W10": 1.0025062657,
               "AP-AT-02-W11": 0.0,
               "AP-AT-06-W08": 0.0,
               "AP-AT-06-W09": 0.0,
               "AP-AT-06-W39": 0.0,
               "IN": 0.2506265664,
               "OUT": 0.0
            },
            "AP-AT-06-W09": {
               "AP-AT-02-W06": 0.0,
               "AP-AT-02-W07": 0.0,
               "AP-AT-02-W10": 0.5012531328,
               "AP-AT-02-W11": 0.0,
               "AP-AT-06-W08": 0.0,
               "AP-AT-06-W09": 0.0,
               "AP-AT-06-W39": 0.0,
               "IN": 0.0,
               "OUT": 0.0
            },
            "AP-AT-06-W39": {
               "AP-AT-02-W06": 0.2506265664,
               "AP-AT-02-W07": 0.2506265664,
               "AP-AT-02-W10": 0.5012531328,
               "AP-AT-02-W11": 0.0,
               "AP-AT-06-W08": 0.0,
               "AP-AT-06-W09": 0.0,
               "AP-AT-06-W39": 0.0,
               "IN": 0.2506265664,
               "OUT": 0.0
            },
            "IN": {
               "AP-AT-02-W06": 0.0,
               "AP-AT-02-W07": 0.0,
               "AP-AT-02-W10": 0.0,
               "AP-AT-02-W11": 0.0,
               "AP-AT-06-W08": 0.0,
               "AP-AT-06-W09": 0.0,
               "AP-AT-06-W39": 0.0,
               "IN": 0.0,
               "OUT": 0.0
            },
            "OUT": {
               "AP-AT-02-W06": 0.5012531328,
               "AP-AT-02-W07": 1.0025062657,
               "AP-AT-02-W10": 37.0927318296,
               "AP-AT-02-W11": 1.2531328321,
               "AP-AT-06-W08": 0.7518796992,
               "AP-AT-06-W09": 0.5012531328,
               "AP-AT-06-W39": 1.0025062657,
               "IN": 0.0,
               "OUT": 0.0
            }
         },
         {
            "AP-AT-02-W06": {
               "AP-AT-02-W06": 0.0,
               "AP-AT-02-W07": 0.0,
               "AP-AT-02-W10": 0.0,
               "AP-AT-06-W08": 0.0,
               "AP-AT-06-W09": 0.8130081301,
               "AP-AT-06-W39": 0.0,
               "IN": 0.0,
               "OUT": 0.0
            },
            "AP-AT-02-W07": {
               "AP-AT-02-W06": 0.0,
               "AP-AT-02-W07": 0.0,
               "AP-AT-02-W10": 0.0,
               "AP-AT-06-W08": 0.0,
               "AP-AT-06-W09": 0.8130081301,
               "AP-AT-06-W39": 0.0,
               "IN": 0.0,
               "OUT": 0.0
            },
            "AP-AT-02-W10": {
               "AP-AT-02-W06": 0.0,
               "AP-AT-02-W07": 0.0,
               "AP-AT-02-W10": 0.0,
               "AP-AT-06-W08": 0.0,
               "AP-AT-06-W09": 0.0,
               "AP-AT-06-W39": 0.0,
               "IN": 0.8130081301,
               "OUT": 0.0
            },
            "AP-AT-06-W08": {
               "AP-AT-02-W06": 0.0,
               "AP-AT-02-W07": 0.0,
               "AP-AT-02-W10": 0.0,
               "AP-AT-06-W08": 0.0,
               "AP-AT-06-W09": 0.0,
               "AP-AT-06-W39": 0.0,
               "IN": 0.8130081301,
               "OUT": 0.0
            },
            "AP-AT-06-W09": {
               "AP-AT-02-W06": 0.0,
               "AP-AT-02-W07": 0.0,
               "AP-AT-02-W10": 0.8130081301,
               "AP-AT-06-W08": 0.8130081301,
               "AP-AT-06-W09": 0.0,