{
   "Day5": {
      "Threshold": 40,
      "n_clusters_distortion": 7,
      "PercentUsrCluster": [
         7.474226804123711,
         21.391752577319586,
         21.1340206185567,
         12.628865979381443,
         9.793814432989691,
         17.010309278350515,
         10.56701030927835
      ],
      "TransitionMatricesByCluster": [
         {
            "AP-AT-02-W06": {
               "AP-AT-02-W06": 0.0,
               "AP-AT-02-W07": 1.2195121951,
               "AP-AT-02-W10": 0.0,
               "AP-AT-02-W11": 0.0,
               "AP-AT-06-W08": 2.4390243902,
               "AP-AT-06-W09": 0.0,
               "IN": 1.2195121951,
               "OUT": 0.0
            },
            "AP-AT-02-W07": {
               "AP-AT-02-W06": 1.2195121951,
               "AP-AT-02-W07": 0.0,
               "AP-AT-02-W10": 0.0,
               "AP-AT-02-W11": 0.0,
               "AP-AT-06-W08": 12.1951219512,
               "AP-AT-06-W09": 0.0,
               "IN": 2.4390243902,
               "OUT": 0.0
            },
            "AP-AT-02-W10": {
               "AP-AT-02-W06": 0.0,
               "AP-AT-02-W07": 0.0,
               "AP-AT-02-W10": 0.0,
               "AP-AT-02-W11": 0.0,
               "AP-AT-06-W08": 1.2195121951,
               "AP-AT-06-W09": 0.0,
               "IN": 0.0,
               "OUT": 0.0
            },
            "AP-AT-02-W11": {
               "AP-AT-02-W06": 0.0,
               "AP-AT-02-W07": 0.0,
               "AP-AT-02-W10": 0.0,
               "AP-AT-02-W11": 0.0,
               "AP-AT-06-W08": 0.0,
               "AP-AT-06-W09": 0.0,
               "IN": 1.2195121951,
               "OUT": 0.0
            },
            "AP-AT-06-W08": {
               "AP-AT-02-W06": 2.4390243902,
               "AP-AT-02-W07": 6.0975609756,
               "AP-AT-02-W10": 0.0,
               "AP-AT-02-W11": 0.0,
               "AP-AT-06-W08": 0.0,
               "AP-AT-06-W09": 1.2195121951,
               "IN": 30.487804878,
               "OUT": 0.0
            },
            "AP-AT-06-W09": {
               "AP-AT-02-W06": 0.0,
               "AP-AT-02-W07": 0.0,
               "AP-AT-02-W10": 0.0,
               "AP-AT-02-W11": 1.2195121951,
               "AP-AT-06-W08": 0.0,
               "AP-AT-06-W09": 0.0,
               "IN": 0.0,
               "OUT": 0.0
            },
            "IN": {
               "AP-AT-02-W06": 0.0,
               "AP-AT-02-W07": 0.0,
               "AP-AT-02-W10": 0.0,
               "AP-AT-02-W11": 0.0,
               "AP-AT-06-W08": 0.0,
               "AP-AT-06-W09": 0.0,
               "IN": 0.0,
               "OUT": 0.0
            },
            "OUT": {
               "AP-AT-02-W06": 1.2195121951,
               "AP-AT-02-W07": 8.5365853659,
               "AP-AT-02-W10": 1.2195121951,
               "AP-AT-02-W11": 0.0,
               "AP-AT-06-W08": 24.3902439024,
               "AP-AT-06-W09": 0.0,
               "IN": 0.0,
               "OUT": 0.0
            }
         },
         {
            "AP-AT-02-W06": {
               "AP-AT-02-W06": 0.0,
               "AP-AT-02-W07": 1.0638297872,
               "AP-AT-02-W10": 0.0,
               "AP-AT-02-W11": 2.6595744681,
               "AP-AT-06-W08": 0.0,
               "AP-AT-06-W39": 0.0,
               "IN": 0.0,
               "OUT": 0.0
            },
            "AP-AT-02-W07": {
               "AP-AT-02-W06": 0.5319148936,
               "AP-AT-02-W07": 0.0,
               "AP-AT-02-W10": 0.0,
               "AP-AT-02-W11": 0.5319148936,
               "AP-AT-06-W08": 0.0,
               "AP-AT-06-W39": 0.0,
               "IN": 0.0,
               "OUT": 0.0
            },
            "AP-AT-02-W10": {
               "AP-AT-02-W06": 0.0,
               "AP-AT-02-W07": 0.0,
               "AP-AT-02-W10": 0.0,
               "AP-AT-02-W11": 1.5957446809,
               "AP-AT-06-W08": 0.0,
               "AP-AT-06-W39": 0.0,
               "IN": 1.5957446809,
               "OUT": 0.0
            },
            "AP-AT-02-W11": {
               "AP-AT-02-W06": 0.5319148936,
               "AP-AT-02-W07": 0.0,
               "AP-AT-02-W10": 3.1914893617,
               "AP-AT-02-W11": 0.0,
               "AP-AT-06-W08": 0.0,
               "AP-AT-06-W39": 1.0638297872,
               "IN": 41.4893617021,
               "OUT": 0.0
            },
            "AP-AT-06-W08": {
               "AP-AT-02-W06": 0.0,
               "AP-AT-02-W07": 0.0,
               "AP-AT-02-W10": 0.0,
               "AP-AT-02-W11": 0.5319148936,
               "AP-AT-06-W08": 0.0,
               "AP-AT-06-W39": 0.0,
               "IN": 0.0,
               "OUT": 0.0
            },
            "AP-AT-06-W39": {
               "AP-AT-02-W06": 0.0,
               "AP-AT-02-W07": 0.0,
               "AP-AT-02-W10": 0.0,
               "AP-AT-02-W11": 0.0,
               "AP-AT-06-W08": 0.0,
               "AP-AT-06-W39": 0.0,
               "IN": 1.0638297872,
               "OUT": 0.0
            },
            "IN": {
               "AP-AT-02-W06": 0.0,
               "AP-AT-02-W07": 0.0,
               "AP-AT-02-W10": 0.0,
               "AP-AT-02-W11": 0.0,
               "AP-AT-06-W08": 0.0,
               "AP-AT-06-W39": 0.0,
               "IN": 0.0,
               "OUT": 0.0
            },
            "OUT": {
               "AP-AT-02-W06": 2.6595744681,
               "AP-AT-02-W07": 0.0,
               "AP-AT-02-W10": 0.0,
               "AP-AT-02-W11": 40.9574468085,
               "AP-AT-06-W08": 0.5319148936,
               "AP-AT-06-W39": 0.0,
               "IN": 0.0,
               "OUT": 0.0
            }
         },
         {
            "AP-AT-02-W06": {
               "AP-AT-02-W06": 0.0,
               "AP-AT-02-W10": 0.0,
               "AP-AT-06-W08": 0.0,
               "AP-AT-06-W09": 0.5747126437,
               "AP-AT-06-W39": 0.0,
               "IN": 0.0,
               "OUT": 0.0
            },
            "AP-AT-02-W10": {
               "AP-AT-02-W06": 0.0,
               "AP-AT-02-W10": 0.0,
               "AP-AT-06-W08": 0.0,
               "AP-AT-06-W09": 1.1494252874,
               "AP-AT-06-W39": 0.0,
               "IN": 0.0,
               "OUT": 0.0
            },
            "AP-AT-06-W08": {
               "AP-AT-02-W06": 0.0,
               "AP-AT-02-W10": 0.0,
               "AP-AT-06-W08": 0.0,
               "AP-AT-06-W09": 2.8735632184,
               "AP-AT-06-W39": 0.0,
               "IN": 0.5747126437,
               "OUT": 0.0
            },
            "AP-AT-06-W09": {
               "AP-AT-02-W06": 0.0,
               "AP-AT-02-W10": 0.0,
               "AP-AT-06-W08": 0.5747126437,
               "AP-AT-06-W09": 0.0,
               "AP-AT-06-W39": 0.0,
               "IN": 46.5517241379,
               "OUT": 0.0
            },
            "AP-AT-06-W39": {
               "AP-AT-02-W06": 0.0,
               "AP-AT-02-W10": 0.0,
               "AP-AT-06-W08": 0.0,
               "AP-AT-06-W09": 0.5747126437,
               "AP-AT-06-W39": 0.0,
               "IN": 0.0,
               "OUT": 0.0
            },
            "IN": {
               "AP-AT-02-W06": 0.0,
               "AP-AT-02-W10": 0.0,
               "AP-AT-06-W08": 0.0,
               "AP-AT-06-W09": 0.0,
               "AP-AT-06-W39": 0.0,
               "IN": 0.0,
               "OUT": 0.0
            },
            "OUT": {
               "AP-AT-02-W06": 0.5747126437,
               "AP-AT-02-W10": 1.1494252874,
               "AP-AT-06-W08": 2.8735632184,
               "AP-AT-06-W09": 41.9540229885,
               "AP-AT-06-W39": 0.5747126437,
               "IN": 0.0,
               "OUT": 0.0
            }
         },
         {
            "AP-AT-02-W06": {
               "AP-AT-02-W06": 0.0,
               "AP-AT-02-W07": 3.6496350365,
               "AP-AT-02-W10": 0.0,
               "AP-AT-02-W11": 0.7299270073,
               "AP-AT-06-W08": 0.0,
               "AP-AT-06-W09": 0.0,