{
   "Day6-7": {
      "Threshold": 23,
      "n_clusters_distortion": 3,
      "PercentUsrCluster": [
         91.25,
         7.5,
         1.25
      ],
      "TransitionMatricesByCluster": [
         {
            "AP-AT-02-W07": {
               "AP-AT-02-W07": 0.0,
               "AP-AT-06-W39": 0.6756756757,
               "IN": 0.0,
               "OUT": 0.0
            },
            "AP-AT-06-W39": {
               "AP-AT-02-W07": 0.6756756757,
               "AP-AT-06-W39": 0.0,
               "IN": 49.3243243243,
               "OUT": 0.0
            },
            "IN": {
               "AP-AT-02-W07": 0.0,
               "AP-AT-06-W39": 0.0,
               "IN": 0.0,
               "OUT": 0.0
            },
            "OUT": {
               "AP-AT-02-W07": 0.0,
               "AP-AT-06-W39": 49.3243243243,
               "IN": 0.0,
               "OUT": 0.0
            }
         },
         {
            "AP-AT-02-W10": {
               "AP-AT-02-W10": 0.0,
               "AP-AT-02-W11": 7.6923076923,
               "IN": 0.0,
               "OUT": 0.0
            },
            "AP-AT-02-W11": {
               "AP-AT-02-W10": 0.0,
               "AP-AT-02-W11": 0.0,
               "IN": 46.1538461538,
               "OUT": 0.0
            },
            "IN": {
               "AP-AT-02-W10": 0.0,
               "AP-AT-02-W11": 0.0,
               "IN": 0.0,
               "OUT": 0.0
            },
            "OUT": {
               "AP-AT-02-W10": 7.6923076923,
               "AP-AT-02-W11": 38.4615384615,
               "IN": 0.0,
               "OUT": 0.0
            }
         },
         {
            "AP-AT-06-W08": {
               "AP-AT-06-W08": 0.0,
               "IN": 50.0,
               "OUT": 0.0
            },
            "IN": {
               "AP-AT-06-W08": 0.0,
               "IN": 0.0,
               "OUT": 0.0
            },
            "OUT": {
               "AP-AT-06-W08": 50.0,
               "IN": 0.0,
               "OUT": 0.0
            }
         }
      ],
      "UsrCreationTime": 35.581856540083336,
      "ZonesNames": [
         "AP-AT-02-W06",
         "AP-AT-02-W07",
         "AP-AT-06-W08",
         "AP-AT-06-W09",
         "AP-AT-02-W10",
         "AP-AT-02-W11",
         "AP-AT-06-W39"
      ],
      "MeanTimeOnZonesByCluster": [
         [
            0,
            4.683333333333334,
            0,
            0,
            0,
            0,
            41.340090090090094
         ],
         [
            0,
            0,
            0,
            0,
            0.0,
            42.87777777777777,
            0
         ],
         [
            0,
            0,
            7.516666666666667,
            0,
            0,
            0,
            0
         ]
      ]
   }
}