{
   "Day1": {
      "Threshold": 30,
      "n_clusters_distortion": 3,
      "PercentUsrCluster": [
         73.33333333333333,
         20.0,
         6.666666666666667
      ],
      "TransitionMatricesByCluster": [
         {
            "AP-AT-02-W01": {
               "AP-AT-02-W01": 0.0,
               "IN": 50.0,
               "OUT": 0.0
            },
            "IN": {
               "AP-AT-02-W01": 0.0,
               "IN": 0.0,
               "OUT": 0.0
            },
            "OUT": {
               "AP-AT-02-W01": 50.0,
               "IN": 0.0,
               "OUT": 0.0
            }
         },
         {
            "AP-AT-02-W02": {
               "AP-AT-02-W02": 0.0,
               "IN": 50.0,
               "OUT": 0.0
            },
            "IN": {
               "AP-AT-02-W02": 0.0,
               "IN": 0.0,
               "OUT": 0.0
            },
            "OUT": {
               "AP-AT-02-W02": 50.0,
               "IN": 0.0,
               "OUT": 0.0
            }
         },
         {
            "AP-AT-02-W01": {
               "AP-AT-02-W01": 0.0,
               "AP-AT-02-W04": 25.0,
               "IN": 0.0,
               "OUT": 0.0
            },
            "AP-AT-02-W04": {
               "AP-AT-02-W01": 0.0,
               "AP-AT-02-W04": 0.0,
               "IN": 37.5,
               "OUT": 0.0
            },
            "IN": {
               "AP-AT-02-W01": 0.0,
               "AP-AT-02-W04": 0.0,
               "IN": 0.0,
               "OUT": 0.0
            },
            "OUT": {
               "AP-AT-02-W01": 25.0,
               "AP-AT-02-W04": 12.5,
               "IN": 0.0,
               "OUT": 0.0
            }
         }
      ],
      "UsrCreationTime": 32.26969696968333,
      "ZonesNames": [
         "AP-AT-02-W01",
         "AP-AT-02-W02",
         "AP-AT-02-W04"
      ],
      "MeanTimeOnZonesByCluster": [
         [
            21.539898989898987,
            0,
            0
         ],
         [
            0,
            15.872222222222222,
            0
         ],
         [
            0.0,
            0,
            8.477777777777776
         ]
      ]
   }
}