{
   "Day2": {
      "Threshold": 29,
      "n_clusters_distortion": 4,
      "PercentUsrCluster": [
         85.71428571428571,
         6.122448979591836,
         4.081632653061225,
         4.081632653061225
      ],
      "TransitionMatricesByCluster": [
         {
            "AP-AT-02-W01": {
               "AP-AT-02-W01": 0.0,
               "AP-AT-02-W02": 1.1627906977,
               "IN": 48.8372093023,
               "OUT": 0.0
            },
            "AP-AT-02-W02": {
               "AP-AT-02-W01": 1.1627906977,
               "AP-AT-02-W02": 0.0,
               "IN": 0.0,
               "OUT": 0.0
            },
            "IN": {
               "AP-AT-02-W01": 0.0,
               "AP-AT-02-W02": 0.0,
               "IN": 0.0,
               "OUT": 0.0
            },
            "OUT": {
               "AP-AT-02-W01": 48.8372093023,
               "AP-AT-02-W02": 0.0,
               "IN": 0.0,
               "OUT": 0.0
            }
         },
         {
            "AP-AT-02-W01": {
               "AP-AT-02-W01": 0.0,
               "AP-AT-02-W04": 14.2857142857,
               "IN": 0.0,
               "OUT": 0.0
            },
            "AP-AT-02-W04": {
               "AP-AT-02-W01": 0.0,
               "AP-AT-02-W04": 0.0,
               "IN": 42.8571428571,
               "OUT": 0.0
            },
            "IN": {
               "AP-AT-02-W01": 0.0,
               "AP-AT-02-W04": 0.0,
               "IN": 0.0,
               "OUT": 0.0
            },
            "OUT": {
               "AP-AT-02-W01": 14.2857142857,
               "AP-AT-02-W04": 28.5714285714,
               "IN": 0.0,
               "OUT": 0.0
            }
         },
         {
            "AP-AT-02-W01": {
               "AP-AT-02-W01": 0.0,
               "AP-AT-02-W02": 25.0,
               "IN": 0.0,
               "OUT": 0.0
            },
            "AP-AT-02-W02": {
               "AP-AT-02-W01": 25.0,
               "AP-AT-02-W02": 0.0,
               "IN": 25.0,
               "OUT": 0.0
            },
            "IN": {
               "AP-AT-02-W01": 0.0,
               "AP-AT-02-W02": 0.0,
               "IN": 0.0,
               "OUT": 0.0
            },
            "OUT": {
               "AP-AT-02-W01": 0.0,
               "AP-AT-02-W02": 25.0,
               "IN": 0.0,
               "OUT": 0.0
            }
         },
         {
            "AP-AT-02-W01": {
               "AP-AT-02-W01": 0.0,
               "AP-AT-02-W02": 25.0,
               "IN": 25.0,
               "OUT": 0.0
            },
            "AP-AT-02-W02": {
               "AP-AT-02-W01": 25.0,
               "AP-AT-02-W02": 0.0,
               "IN": 0.0,
               "OUT": 0.0
            },
            "IN": {
               "AP-AT-02-W01": 0.0,
               "AP-AT-02-W02": 0.0,
               "IN": 0.0,
               "OUT": 0.0
            },
            "OUT": {
               "AP-AT-02-W01": 25.0,
               "AP-AT-02-W02": 0.0,
               "IN": 0.0,
               "OUT": 0.0
            }
         }
      ],
      "UsrCreationTime": 28.856597222216667,
      "ZonesNames": [
         "AP-AT-02-W01",
         "AP-AT-02-W02",
         "AP-AT-02-W04"
      ],
      "MeanTimeOnZonesByCluster": [
         [
            27.963178294573645,
            8.05,
            0
         ],
         [
            0.0,
            0,
            5.222222222222222
         ],
         [
            7.016666666666667,
            25.9625,
            0
         ],
         [
            17.7375,
            8.041666666666668,
            0
         ]
      ]
   }
}