{
   "Day3": {
      "Threshold": 36,
      "n_clusters_distortion": 3,
      "PercentUsrCluster": [
         71.64179104477611,
         23.88059701492537,
         4.477611940298507
      ],
      "TransitionMatricesByCluster": [
         {
            "AP-AT-02-W01": {
               "AP-AT-02-W01": 0.0,
               "AP-AT-02-W04": 0.0,
               "IN": 49.4845360825,
               "OUT": 0.0
            },
            "AP-AT-02-W04": {
               "AP-AT-02-W01": 1.0309278351,
               "AP-AT-02-W04": 0.0,
               "IN": 0.0,
               "OUT": 0.0
            },
            "IN": {
               "AP-AT-02-W01": 0.0,
               "AP-AT-02-W04": 0.0,
               "IN": 0.0,
               "OUT": 0.0
            },
            "OUT": {
               "AP-AT-02-W01": 48.4536082474,
               "AP-AT-02-W04": 1.0309278351,
               "IN": 0.0,
               "OUT": 0.0
            }
         },
         {
            "AP-AT-02-W01": {
               "AP-AT-02-W01": 0.0,
               "AP-AT-02-W02": 5.4054054054,
               "AP-AT-02-W04": 0.0,
               "IN": 2.7027027027,
               "OUT": 0.0
            },
            "AP-AT-02-W02": {
               "AP-AT-02-W01": 2.7027027027,
               "AP-AT-02-W02": 0.0,
               "AP-AT-02-W04": 2.7027027027,
               "IN": 40.5405405405,
               "OUT": 0.0
            },
            "AP-AT-02-W04": {
               "AP-AT-02-W01": 2.7027027027,
               "AP-AT-02-W02": 0.0,
               "AP-AT-02-W04": 0.0,
               "IN": 0.0,
               "OUT": 0.0
            },
            "IN": {
               "AP-AT-02-W01": 0.0,
               "AP-AT-02-W02": 0.0,
               "AP-AT-02-W04": 0.0,
               "IN": 0.0,
               "OUT": 0.0
            },
            "OUT": {
               "AP-AT-02-W01": 2.7027027027,
               "AP-AT-02-W02": 40.5405405405,
               "AP-AT-02-W04": 0.0,
               "IN": 0.0,
               "OUT": 0.0
            }
         },
         {
            "AP-AT-02-W02": {
               "AP-AT-02-W02": 0.0,
               "AP-AT-02-W04": 0.0,
               "IN": 14.2857142857,
               "OUT": 0.0
            },
            "AP-AT-02-W04": {
               "AP-AT-02-W02": 14.2857142857,
               "AP-AT-02-W04": 0.0,
               "IN": 28.5714285714,
               "OUT": 0.0
            },
            "IN": {
               "AP-AT-02-W02": 0.0,
               "AP-AT-02-W04": 0.0,
               "IN": 0.0,
               "OUT": 0.0
            },
            "OUT": {
               "AP-AT-02-W02": 0.0,
               "AP-AT-02-W04": 42.8571428571,
               "IN": 0.0,
               "OUT": 0.0
            }
         }
      ],
      "UsrCreationTime": 21.21085858585,
      "ZonesNames": [
         "AP-AT-02-W01",
         "AP-AT-02-W02",
         "AP-AT-02-W04"
      ],
      "MeanTimeOnZonesByCluster": [
         [
            33.13298611111111,
            0,
            0.0
         ],
         [
            0.8388888888888889,
            19.999019607843135,
            16.533333333333335
         ],
         [
            0,
            1.5166666666666666,
            15.744444444444445
         ]
      ]
   }
}