{
   "Day4": {
      "Threshold": 32,
      "n_clusters_distortion": 4,
      "PercentUsrCluster": [
         85.48387096774194,
         6.451612903225806,
         3.225806451612903,
         4.838709677419355
      ],
      "TransitionMatricesByCluster": [
         {
            "AP-AT-02-W01": {
               "AP-AT-02-W01": 0.0,
               "AP-AT-02-W02": 0.8849557522,
               "AP-AT-02-W04": 0.0,
               "IN": 46.9026548673,
               "OUT": 0.0
            },
            "AP-AT-02-W02": {
               "AP-AT-02-W01": 4.4247787611,
               "AP-AT-02-W02": 0.0,
               "AP-AT-02-W04": 0.0,
               "IN": 0.0,
               "OUT": 0.0
            },
            "AP-AT-02-W04": {
               "AP-AT-02-W01": 0.0,
               "AP-AT-02-W02": 0.8849557522,
               "AP-AT-02-W04": 0.0,
               "IN": 0.0,
               "OUT": 0.0
            },
            "IN": {
               "AP-AT-02-W01": 0.0,
               "AP-AT-02-W02": 0.0,
               "AP-AT-02-W04": 0.0,
               "IN": 0.0,
               "OUT": 0.0
            },
            "OUT": {
               "AP-AT-02-W01": 43.3628318584,
               "AP-AT-02-W02": 2.6548672566,
               "AP-AT-02-W04": 0.8849557522,
               "IN": 0.0,
               "OUT": 0.0
            }
         },
         {
            "AP-AT-02-W01": {
               "AP-AT-02-W01": 0.0,
               "AP-AT-02-W02": 10.0,
               "IN": 0.0,
               "OUT": 0.0
            },
            "AP-AT-02-W02": {
               "AP-AT-02-W01": 10.0,
               "AP-AT-02-W02": 0.0,
               "IN": 40.0,
               "OUT": 0.0
            },
            "IN": {
               "AP-AT-02-W01": 0.0,
               "AP-AT-02-W02": 0.0,
               "IN": 0.0,
               "OUT": 0.0
            },
            "OUT": {
               "AP-AT-02-W01": 0.0,
               "AP-AT-02-W02": 40.0,
               "IN": 0.0,
               "OUT": 0.0
            }
         },
         {
            "AP-AT-02-W01": {
               "AP-AT-02-W01": 0.0,
               "AP-AT-02-W02": 25.0,
               "IN": 12.5,
               "OUT": 0.0
            },
            "AP-AT-02-W02": {
               "AP-AT-02-W01": 25.0,
               "AP-AT-02-W02": 0.0,
               "IN": 12.5,
               "OUT": 0.0
            },
            "IN": {
               "AP-AT-02-W01": 0.0,
               "AP-AT-02-W02": 0.0,
               "IN": 0.0,
               "OUT": 0.0
            },
            "OUT": {
               "AP-AT-02-W01": 12.5,
               "AP-AT-02-W02": 12.5,
               "IN": 0.0,
               "OUT": 0.0
            }
         },
         {
            "AP-AT-02-W01": {
               "AP-AT-02-W01": 0.0,
               "AP-AT-02-W02": 18.1818181818,
               "IN": 9.0909090909,
               "OUT": 0.0
            },
            "AP-AT-02-W02": {
               "AP-AT-02-W01": 27.2727272727,
               "AP-AT-02-W02": 0.0,
               "IN": 18.1818181818,
               "OUT": 0.0
            },
            "IN": {
               "AP-AT-02-W01": 0.0,
               "AP-AT-02-W02": 0.0,
               "IN": 0.0,
               "OUT": 0.0
            },
            "OUT": {
               "AP-AT-02-W01": 0.0,
               "AP-AT-02-W02": 27.2727272727,
               "IN": 0.0,
               "OUT": 0.0
            }
         }
      ],
      "UsrCreationTime": 23.122404371583333,
      "ZonesNames": [
         "AP-AT-02-W01",
         "AP-AT-02-W02",
         "AP-AT-02-W04"
      ],
      "MeanTimeOnZonesByCluster": [
         [
            31.810185185185187,
            1.0466666666666666,
            0.0
         ],
         [
            6.033333333333333,
            31.72,
            0
         ],
         [
            16.666666666666668,
            7.988888888888888,
            0
         ],
         [
            7.544444444444444,
            15.963333333333333,
            0
         ]
      ]
   }
}