{
   "Day5": {
      "Threshold": 45,
      "n_clusters_distortion": 4,
      "PercentUsrCluster": [
         83.33333333333334,
         10.0,
         3.3333333333333335,
         3.3333333333333335
      ],
      "TransitionMatricesByCluster": [
         {
            "AP-AT-02-W01": {
               "AP-AT-02-W01": 0.0,
               "IN": 50.0,
               "OUT": 0.0
            },
            "IN": {
               "AP-AT-02-W01": 0.0,
               "IN": 0.0,
               "OUT": 0.0
            },
            "OUT": {
               "AP-AT-02-W01": 50.0,
               "IN": 0.0,
               "OUT": 0.0
            }
         },
         {
            "AP-AT-02-W02": {
               "AP-AT-02-W02": 0.0,
               "IN": 50.0,
               "OUT": 0.0
            },
            "IN": {
               "AP-AT-02-W02": 0.0,
               "IN": 0.0,
               "OUT": 0.0
            },
            "OUT": {
               "AP-AT-02-W02": 50.0,
               "IN": 0.0,
               "OUT": 0.0
            }
         },
         {
            "AP-AT-02-W01": {
               "AP-AT-02-W01": 0.0,
               "AP-AT-02-W04": 33.3333333333,
               "IN": 0.0,
               "OUT": 0.0
            },
            "AP-AT-02-W04": {
               "AP-AT-02-W01": 0.0,
               "AP-AT-02-W04": 0.0,
               "IN": 33.3333333333,
               "OUT": 0.0
            },
            "IN": {
               "AP-AT-02-W01": 0.0,
               "AP-AT-02-W04": 0.0,
               "IN": 0.0,
               "OUT": 0.0
            },
            "OUT": {
               "AP-AT-02-W01": 33.3333333333,
               "AP-AT-02-W04": 0.0,
               "IN": 0.0,
               "OUT": 0.0
            }
         },
         {
            "AP-AT-02-W01": {
               "AP-AT-02-W01": 0.0,
               "AP-AT-02-W02": 0.0,
               "IN": 33.3333333333,
               "OUT": 0.0
            },
            "AP-AT-02-W02": {
               "AP-AT-02-W01": 33.3333333333,
               "AP-AT-02-W02": 0.0,
               "IN": 0.0,
               "OUT": 0.0
            },
            "IN": {
               "AP-AT-02-W01": 0.0,
               "AP-AT-02-W02": 0.0,
               "IN": 0.0,
               "OUT": 0.0
            },
            "OUT": {
               "AP-AT-02-W01": 0.0,
               "AP-AT-02-W02": 33.3333333333,
               "IN": 0.0,
               "OUT": 0.0
            }
         }
      ],
      "UsrCreationTime": 46.8316091954,
      "ZonesNames": [
         "AP-AT-02-W01",
         "AP-AT-02-W02",
         "AP-AT-02-W04"
      ],
      "MeanTimeOnZonesByCluster": [
         [
            26.323999999999998,
            0,
            0
         ],
         [
            0,
            32.91111111111111,
            0
         ],
         [
            0.0,
            0,
            42.483333333333334
         ],
         [
            25.1,
            19.05,
            0
         ]
      ]
   }
}