{
   "Day1": {
      "Threshold": 30,
      "n_clusters_distortion": 5,
      "PercentUsrCluster": [
         72.72727272727273,
         6.0606060606060606,
         7.575757575757576,
         7.575757575757576,
         6.0606060606060606
      ],
      "TransitionMatricesByCluster": [
         {
            "AP-AT-03-W35": {
               "AP-AT-03-W35": 0.0,
               "AP-AT-03-W36-37": 7.9646017699,
               "IN": 1.7699115044,
               "OUT": 0.0
            },
            "AP-AT-03-W36-37": {
               "AP-AT-03-W35": 7.0796460177,
               "AP-AT-03-W36-37": 0.0,
               "IN": 40.7079646018,
               "OUT": 0.0
            },
            "IN": {
               "AP-AT-03-W35": 0.0,
               "AP-AT-03-W36-37": 0.0,
               "IN": 0.0,
               "OUT": 0.0
            },
            "OUT": {
               "AP-AT-03-W35": 2.6548672566,
               "AP-AT-03-W36-37": 39.8230088496,
               "IN": 0.0,
               "OUT": 0.0
            }
         },
         {
            "AP-AT-03-W35": {
               "AP-AT-03-W35": 0.0,
               "AP-AT-03-W36-37": 17.6470588235,
               "IN": 17.6470588235,
               "OUT": 0.0
            },
            "AP-AT-03-W36-37": {
               "AP-AT-03-W35": 35.2941176471,
               "AP-AT-03-W36-37": 0.0,
               "IN": 5.8823529412,
               "OUT": 0.0
            },
            "IN": {
               "AP-AT-03-W35": 0.0,
               "AP-AT-03-W36-37": 0.0,
               "IN": 0.0,
               "OUT": 0.0
            },
            "OUT": {
               "AP-AT-03-W35": 0.0,
               "AP-AT-03-W36-37": 23.5294117647,
               "IN": 0.0,
               "OUT": 0.0
            }
         },
         {
            "AP-AT-06-W34": {
               "AP-AT-06-W34": 0.0,
               "IN": 50.0,
               "OUT": 0.0
            },
            "IN": {
               "AP-AT-06-W34": 0.0,
               "IN": 0.0,
               "OUT": 0.0
            },
            "OUT": {
               "AP-AT-06-W34": 50.0,
               "IN": 0.0,
               "OUT": 0.0
            }
         },
         {
            "AP-AT-03-W35": {
               "AP-AT-03-W35": 0.0,
               "AP-AT-03-W36-37": 0.0,
               "IN": 45.4545454545,
               "OUT": 0.0
            },
            "AP-AT-03-W36-37": {
               "AP-AT-03-W35": 9.0909090909,
               "AP-AT-03-W36-37": 0.0,
               "IN": 0.0,
               "OUT": 0.0
            },
            "IN": {
               "AP-AT-03-W35": 0.0,
               "AP-AT-03-W36-37": 0.0,
               "IN": 0.0,
               "OUT": 0.0
            },
            "OUT": {
               "AP-AT-03-W35": 36.3636363636,
               "AP-AT-03-W36-37": 9.0909090909,
               "IN": 0.0,
               "OUT": 0.0
            }
         },
         {
            "AP-AT-03-W35": {
               "AP-AT-03-W35": 0.0,
               "AP-AT-03-W36-37": 21.4285714286,
               "AP-AT-06-W34": 0.0,
               "IN": 0.0,
               "OUT": 0.0
            },
            "AP-AT-03-W36-37": {
               "AP-AT-03-W35": 14.2857142857,
               "AP-AT-03-W36-37": 0.0,
               "AP-AT-06-W34": 0.0,
               "IN": 28.5714285714,
               "OUT": 0.0
            },
            "AP-AT-06-W34": {
               "AP-AT-03-W35": 0.0,
               "AP-AT-03-W36-37": 7.1428571429,
               "AP-AT-06-W34": 0.0,
               "IN": 0.0,
               "OUT": 0.0
            },
            "IN": {
               "AP-AT-03-W35": 0.0,
               "AP-AT-03-W36-37": 0.0,
               "AP-AT-06-W34": 0.0,
               "IN": 0.0,
               "OUT": 0.0
            },
            "OUT": {
               "AP-AT-03-W35": 7.1428571429,
               "AP-AT-03-W36-37": 14.2857142857,
               "AP-AT-06-W34": 7.1428571429,
               "IN": 0.0,
               "OUT": 0.0
            }
         }
      ],
      "UsrCreationTime": 12.107179487166666,
      "ZonesNames": [
         "AP-AT-06-W34",
         "AP-AT-03-W35",
         "AP-AT-03-W36-37"
      ],
      "MeanTimeOnZonesByCluster": [
         [
            0,
            1.2227272727272729,
            56.58456790123455
         ],
         [
            0,
            15.780555555555557,
            6.033333333333333
         ],
         [
            11.023333333333333,
            0,
            0
         ],
         [
            0,
            27.909999999999997,
            0.0
         ],
         [
            9.6,
            7.966666666666668,
            22.400000000000002
         ]
      ]
   }
}