{
   "Day2": {
      "Threshold": 29,
      "n_clusters_distortion": 4,
      "PercentUsrCluster": [
         8.181818181818182,
         60.0,
         27.27272727272727,
         4.545454545454546
      ],
      "TransitionMatricesByCluster": [
         {
            "AP-AT-03-W35": {
               "AP-AT-03-W35": 0.0,
               "AP-AT-03-W36-37": 0.0,
               "IN": 40.9090909091,
               "OUT": 0.0
            },
            "AP-AT-03-W36-37": {
               "AP-AT-03-W35": 18.1818181818,
               "AP-AT-03-W36-37": 0.0,
               "IN": 0.0,
               "OUT": 0.0
            },
            "IN": {
               "AP-AT-03-W35": 0.0,
               "AP-AT-03-W36-37": 0.0,
               "IN": 0.0,
               "OUT": 0.0
            },
            "OUT": {
               "AP-AT-03-W35": 22.7272727273,
               "AP-AT-03-W36-37": 18.1818181818,
               "IN": 0.0,
               "OUT": 0.0
            }
         },
         {
            "AP-AT-03-W35": {
               "AP-AT-03-W35": 0.0,
               "AP-AT-03-W36-37": 3.6231884058,
               "IN": 0.0,
               "OUT": 0.0
            },
            "AP-AT-03-W36-37": {
               "AP-AT-03-W35": 0.7246376812,
               "AP-AT-03-W36-37": 0.0,
               "IN": 47.8260869565,
               "OUT": 0.0
            },
            "IN": {
               "AP-AT-03-W35": 0.0,
               "AP-AT-03-W36-37": 0.0,
               "IN": 0.0,
               "OUT": 0.0
            },
            "OUT": {
               "AP-AT-03-W35": 2.8985507246,
               "AP-AT-03-W36-37": 44.9275362319,
               "IN": 0.0,
               "OUT": 0.0
            }
         },
         {
            "AP-AT-06-W34": {
               "AP-AT-06-W34": 0.0,
               "IN": 50.0,
               "OUT": 0.0
            },
            "IN": {
               "AP-AT-06-W34": 0.0,
               "IN": 0.0,
               "OUT": 0.0
            },
            "OUT": {
               "AP-AT-06-W34": 50.0,
               "IN": 0.0,
               "OUT": 0.0
            }
         },
         {
            "AP-AT-03-W35": {
               "AP-AT-03-W35": 0.0,
               "AP-AT-03-W36-37": 27.2727272727,
               "IN": 4.5454545455,
               "OUT": 0.0
            },
            "AP-AT-03-W36-37": {
               "AP-AT-03-W35": 27.2727272727,
               "AP-AT-03-W36-37": 0.0,
               "IN": 18.1818181818,
               "OUT": 0.0
            },
            "IN": {
               "AP-AT-03-W35": 0.0,
               "AP-AT-03-W36-37": 0.0,
               "IN": 0.0,
               "OUT": 0.0
            },
            "OUT": {
               "AP-AT-03-W35": 4.5454545455,
               "AP-AT-03-W36-37": 18.1818181818,
               "IN": 0.0,
               "OUT": 0.0
            }
         }
      ],
      "UsrCreationTime": 6.564678899066666,
      "ZonesNames": [
         "AP-AT-06-W34",
         "AP-AT-03-W35",
         "AP-AT-03-W36-37"
      ],
      "MeanTimeOnZonesByCluster": [
         [
            0,
            43.88518518518518,
            0.0
         ],
         [
            0,
            2.4266666666666667,
            31.78084577114427
         ],
         [
            42.42777777777779,
            0,
            0
         ],
         [
            0,
            11.566666666666665,
            16.87666666666667
         ]
      ]
   }
}