{
   "Day3": {
      "Threshold": 36,
      "n_clusters_distortion": 4,
      "PercentUsrCluster": [
         69.44444444444444,
         18.51851851851852,
         7.4074074074074066,
         4.62962962962963
      ],
      "TransitionMatricesByCluster": [
         {
            "AP-AT-03-W35": {
               "AP-AT-03-W35": 0.0,
               "AP-AT-03-W36-37": 0.0,
               "AP-AT-06-W34": 0.0,
               "IN": 0.6578947368,
               "OUT": 0.0
            },
            "AP-AT-03-W36-37": {
               "AP-AT-03-W35": 0.6578947368,
               "AP-AT-03-W36-37": 0.0,
               "AP-AT-06-W34": 0.0,
               "IN": 48.6842105263,
               "OUT": 0.0
            },
            "AP-AT-06-W34": {
               "AP-AT-03-W35": 0.0,
               "AP-AT-03-W36-37": 0.6578947368,
               "AP-AT-06-W34": 0.0,
               "IN": 0.0,
               "OUT": 0.0
            },
            "IN": {
               "AP-AT-03-W35": 0.0,
               "AP-AT-03-W36-37": 0.0,
               "AP-AT-06-W34": 0.0,
               "IN": 0.0,
               "OUT": 0.0
            },
            "OUT": {
               "AP-AT-03-W35": 0.0,
               "AP-AT-03-W36-37": 48.6842105263,
               "AP-AT-06-W34": 0.6578947368,
               "IN": 0.0,
               "OUT": 0.0
            }
         },
         {
            "AP-AT-06-W34": {
               "AP-AT-06-W34": 0.0,
               "IN": 50.0,
               "OUT": 0.0
            },
            "IN": {
               "AP-AT-06-W34": 0.0,
               "IN": 0.0,
               "OUT": 0.0
            },
            "OUT": {
               "AP-AT-06-W34": 50.0,
               "IN": 0.0,
               "OUT": 0.0
            }
         },
         {
            "AP-AT-03-W35": {
               "AP-AT-03-W35": 0.0,
               "AP-AT-03-W36-37": 5.2631578947,
               "IN": 42.1052631579,
               "OUT": 0.0
            },
            "AP-AT-03-W36-37": {
               "AP-AT-03-W35": 10.5263157895,
               "AP-AT-03-W36-37": 0.0,
               "IN": 0.0,
               "OUT": 0.0
            },
            "IN": {
               "AP-AT-03-W35": 0.0,
               "AP-AT-03-W36-37": 0.0,
               "IN": 0.0,
               "OUT": 0.0
            },
            "OUT": {
               "AP-AT-03-W35": 36.8421052632,
               "AP-AT-03-W36-37": 5.2631578947,
               "IN": 0.0,
               "OUT": 0.0
            }
         },
         {
            "AP-AT-03-W35": {
               "AP-AT-03-W35": 0.0,
               "AP-AT-03-W36-37": 16.6666666667,
               "AP-AT-06-W34": 0.0,
               "IN": 5.5555555556,
               "OUT": 0.0
            },
            "AP-AT-03-W36-37": {
               "AP-AT-03-W35": 22.2222222222,
               "AP-AT-03-W36-37": 0.0,
               "AP-AT-06-W34": 5.5555555556,
               "IN": 16.6666666667,
               "OUT": 0.0
            },
            "AP-AT-06-W34": {
               "AP-AT-03-W35": 0.0,
               "AP-AT-03-W36-37": 0.0,
               "AP-AT-06-W34": 0.0,
               "IN": 5.5555555556,
               "OUT": 0.0
            },
            "IN": {
               "AP-AT-03-W35": 0.0,
               "AP-AT-03-W36-37": 0.0,
               "AP-AT-06-W34": 0.0,
               "IN": 0.0,
               "OUT": 0.0
            },
            "OUT": {
               "AP-AT-03-W35": 0.0,
               "AP-AT-03-W36-37": 27.7777777778,
               "AP-AT-06-W34": 0.0,
               "IN": 0.0,
               "OUT": 0.0
            }
         }
      ],
      "UsrCreationTime": 6.785514018683333,
      "ZonesNames": [
         "AP-AT-06-W34",
         "AP-AT-03-W35",
         "AP-AT-03-W36-37"
      ],
      "MeanTimeOnZonesByCluster": [
         [
            6.066666666666666,
            2.8666666666666667,
            42.33111111111109
         ],
         [
            52.013333333333335,
            0,
            0
         ],
         [
            0,
            22.137037037037036,
            2.8666666666666667
         ],
         [
            26.383333333333333,
            7.045833333333333,
            16.312500000000004
         ]
      ]
   }
}