{
   "Day4": {
      "Threshold": 32,
      "n_clusters_distortion": 4,
      "PercentUsrCluster": [
         61.06194690265486,
         21.238938053097346,
         7.079646017699115,
         10.619469026548673
      ],
      "TransitionMatricesByCluster": [
         {
            "AP-AT-03-W35": {
               "AP-AT-03-W35": 0.0,
               "AP-AT-03-W36-37": 6.0,
               "AP-AT-06-W34": 0.0,
               "IN": 0.0,
               "OUT": 0.0
            },
            "AP-AT-03-W36-37": {
               "AP-AT-03-W35": 0.6666666667,
               "AP-AT-03-W36-37": 0.0,
               "AP-AT-06-W34": 0.6666666667,
               "IN": 46.0,
               "OUT": 0.0
            },
            "AP-AT-06-W34": {
               "AP-AT-03-W35": 0.0,
               "AP-AT-03-W36-37": 0.6666666667,
               "AP-AT-06-W34": 0.0,
               "IN": 0.0,
               "OUT": 0.0
            },
            "IN": {
               "AP-AT-03-W35": 0.0,
               "AP-AT-03-W36-37": 0.0,
               "AP-AT-06-W34": 0.0,
               "IN": 0.0,
               "OUT": 0.0
            },
            "OUT": {
               "AP-AT-03-W35": 5.3333333333,
               "AP-AT-03-W36-37": 40.6666666667,
               "AP-AT-06-W34": 0.0,
               "IN": 0.0,
               "OUT": 0.0
            }
         },
         {
            "AP-AT-06-W34": {
               "AP-AT-06-W34": 0.0,
               "IN": 50.0,
               "OUT": 0.0
            },
            "IN": {
               "AP-AT-06-W34": 0.0,
               "IN": 0.0,
               "OUT": 0.0
            },
            "OUT": {
               "AP-AT-06-W34": 50.0,
               "IN": 0.0,
               "OUT": 0.0
            }
         },
         {
            "AP-AT-03-W35": {
               "AP-AT-03-W35": 0.0,
               "AP-AT-03-W36-37": 5.2631578947,
               "IN": 42.1052631579,
               "OUT": 0.0
            },
            "AP-AT-03-W36-37": {
               "AP-AT-03-W35": 10.5263157895,
               "AP-AT-03-W36-37": 0.0,
               "IN": 0.0,
               "OUT": 0.0
            },
            "IN": {
               "AP-AT-03-W35": 0.0,
               "AP-AT-03-W36-37": 0.0,
               "IN": 0.0,
               "OUT": 0.0
            },
            "OUT": {
               "AP-AT-03-W35": 36.8421052632,
               "AP-AT-03-W36-37": 5.2631578947,
               "IN": 0.0,
               "OUT": 0.0
            }
         },
         {
            "AP-AT-03-W35": {
               "AP-AT-03-W35": 0.0,
               "AP-AT-03-W36-37": 19.1489361702,
               "IN": 10.6382978723,
               "OUT": 0.0
            },
            "AP-AT-03-W36-37": {
               "AP-AT-03-W35": 29.7872340426,
               "AP-AT-03-W36-37": 0.0,
               "IN": 14.8936170213,
               "OUT": 0.0
            },
            "IN": {
               "AP-AT-03-W35": 0.0,
               "AP-AT-03-W36-37": 0.0,
               "IN": 0.0,
               "OUT": 0.0
            },
            "OUT": {
               "AP-AT-03-W35": 0.0,
               "AP-AT-03-W36-37": 25.5319148936,
               "IN": 0.0,
               "OUT": 0.0
            }
         }
      ],
      "UsrCreationTime": 6.684970238083333,
      "ZonesNames": [
         "AP-AT-06-W34",
         "AP-AT-03-W35",
         "AP-AT-03-W36-37"
      ],
      "MeanTimeOnZonesByCluster": [
         [
            3.5,
            0.7092592592592593,
            47.176995305164326
         ],
         [
            34.311805555555544,
            0,
            0
         ],
         [
            0,
            18.346296296296302,
            2.191666666666667
         ],
         [
            0,
            14.785714285714286,
            34.60634920634921
         ]
      ]
   }
}