{
   "Day5": {
      "Threshold": 45,
      "n_clusters_distortion": 3,
      "PercentUsrCluster": [
         53.94736842105263,
         31.57894736842105,
         14.473684210526317
      ],
      "TransitionMatricesByCluster": [
         {
            "AP-AT-03-W35": {
               "AP-AT-03-W35": 0.0,
               "AP-AT-03-W36-37": 5.4347826087,
               "IN": 3.2608695652,
               "OUT": 0.0
            },
            "AP-AT-03-W36-37": {
               "AP-AT-03-W35": 5.4347826087,
               "AP-AT-03-W36-37": 0.0,
               "IN": 41.3043478261,
               "OUT": 0.0
            },
            "IN": {
               "AP-AT-03-W35": 0.0,
               "AP-AT-03-W36-37": 0.0,
               "IN": 0.0,
               "OUT": 0.0
            },
            "OUT": {
               "AP-AT-03-W35": 3.2608695652,
               "AP-AT-03-W36-37": 41.3043478261,
               "IN": 0.0,
               "OUT": 0.0
            }
         },
         {
            "AP-AT-03-W35": {
               "AP-AT-03-W35": 0.0,
               "AP-AT-06-W34": 4.0,
               "IN": 0.0,
               "OUT": 0.0
            },
            "AP-AT-06-W34": {
               "AP-AT-03-W35": 0.0,
               "AP-AT-06-W34": 0.0,
               "IN": 48.0,
               "OUT": 0.0
            },
            "IN": {
               "AP-AT-03-W35": 0.0,
               "AP-AT-06-W34": 0.0,
               "IN": 0.0,
               "OUT": 0.0
            },
            "OUT": {
               "AP-AT-03-W35": 4.0,
               "AP-AT-06-W34": 44.0,
               "IN": 0.0,
               "OUT": 0.0
            }
         },
         {
            "AP-AT-03-W35": {
               "AP-AT-03-W35": 0.0,
               "AP-AT-03-W36-37": 0.0,
               "IN": 47.8260869565,
               "OUT": 0.0
            },
            "AP-AT-03-W36-37": {
               "AP-AT-03-W35": 4.347826087,
               "AP-AT-03-W36-37": 0.0,
               "IN": 0.0,
               "OUT": 0.0
            },
            "IN": {
               "AP-AT-03-W35": 0.0,
               "AP-AT-03-W36-37": 0.0,
               "IN": 0.0,
               "OUT": 0.0
            },
            "OUT": {
               "AP-AT-03-W35": 43.4782608696,
               "AP-AT-03-W36-37": 4.347826087,
               "IN": 0.0,
               "OUT": 0.0
            }
         }
      ],
      "UsrCreationTime": 9.983333333333333,
      "ZonesNames": [
         "AP-AT-06-W34",
         "AP-AT-03-W35",
         "AP-AT-03-W36-37"
      ],
      "MeanTimeOnZonesByCluster": [
         [
            0,
            9.431249999999999,
            62.96821705426356
         ],
         [
            54.26666666666666,
            7.0,
            0
         ],
         [
            0,
            16.656060606060603,
            9.9
         ]
      ]
   }
}