{
   "Day1": {
      "Threshold": 30,
      "n_clusters_distortion": 7,
      "PercentUsrCluster": [
         13.186813186813188,
         23.809523809523807,
         18.315018315018314,
         16.117216117216117,
         17.94871794871795,
         7.6923076923076925,
         2.93040293040293
      ],
      "TransitionMatricesByCluster": [
         {
            "AP-AT-06-W27": {
               "AP-AT-06-W27": 0.0,
               "AP-AT-06-W28": 13.4453781513,
               "AP-AT-06-W29": 1.6806722689,
               "AP-AT-06-W30": 0.0,
               "IN": 2.5210084034,
               "OUT": 0.0
            },
            "AP-AT-06-W28": {
               "AP-AT-06-W27": 12.6050420168,
               "AP-AT-06-W28": 0.0,
               "AP-AT-06-W29": 3.3613445378,
               "AP-AT-06-W30": 0.8403361345,
               "IN": 26.8907563025,
               "OUT": 0.0
            },
            "AP-AT-06-W29": {
               "AP-AT-06-W27": 0.0,
               "AP-AT-06-W28": 6.7226890756,
               "AP-AT-06-W29": 0.0,
               "AP-AT-06-W30": 0.0,
               "IN": 0.0,
               "OUT": 0.0
            },
            "AP-AT-06-W30": {
               "AP-AT-06-W27": 0.0,
               "AP-AT-06-W28": 0.8403361345,
               "AP-AT-06-W29": 0.0,
               "AP-AT-06-W30": 0.0,
               "IN": 0.8403361345,
               "OUT": 0.0
            },
            "IN": {
               "AP-AT-06-W27": 0.0,
               "AP-AT-06-W28": 0.0,
               "AP-AT-06-W29": 0.0,
               "AP-AT-06-W30": 0.0,
               "IN": 0.0,
               "OUT": 0.0
            },
            "OUT": {
               "AP-AT-06-W27": 5.0420168067,
               "AP-AT-06-W28": 22.6890756303,
               "AP-AT-06-W29": 1.6806722689,
               "AP-AT-06-W30": 0.8403361345,
               "IN": 0.0,
               "OUT": 0.0
            }
         },
         {
            "AP-AT-06-W27": {
               "AP-AT-06-W27": 0.0,
               "AP-AT-06-W28": 0.0,
               "AP-AT-06-W30": 0.0,
               "AP-AT-06-W31": 0.0,
               "AP-AT-06-W32": 1.0204081633,
               "AP-AT-06-W33": 0.0,
               "IN": 0.0,
               "OUT": 0.0
            },
            "AP-AT-06-W28": {
               "AP-AT-06-W27": 0.0,
               "AP-AT-06-W28": 0.0,
               "AP-AT-06-W30": 0.0,
               "AP-AT-06-W31": 0.0,
               "AP-AT-06-W32": 0.5102040816,
               "AP-AT-06-W33": 0.0,
               "IN": 0.5102040816,
               "OUT": 0.0
            },
            "AP-AT-06-W30": {
               "AP-AT-06-W27": 0.0,
               "AP-AT-06-W28": 0.0,
               "AP-AT-06-W30": 0.0,
               "AP-AT-06-W31": 0.0,
               "AP-AT-06-W32": 0.0,
               "AP-AT-06-W33": 0.0,
               "IN": 0.5102040816,
               "OUT": 0.0
            },
            "AP-AT-06-W31": {
               "AP-AT-06-W27": 0.0,
               "AP-AT-06-W28": 0.0,
               "AP-AT-06-W30": 0.0,
               "AP-AT-06-W31": 0.0,
               "AP-AT-06-W32": 14.7959183673,
               "AP-AT-06-W33": 0.0,
               "IN": 4.5918367347,
               "OUT": 0.0
            },
            "AP-AT-06-W32": {
               "AP-AT-06-W27": 0.0,
               "AP-AT-06-W28": 0.5102040816,
               "AP-AT-06-W30": 0.5102040816,
               "AP-AT-06-W31": 15.306122449,
               "AP-AT-06-W32": 0.0,
               "AP-AT-06-W33": 0.0,
               "IN": 27.5510204082,
               "OUT": 0.0
            },
            "AP-AT-06-W33": {
               "AP-AT-06-W27": 0.0,
               "AP-AT-06-W28": 0.0,
               "AP-AT-06-W30": 0.0,
               "AP-AT-06-W31": 0.0,
               "AP-AT-06-W32": 1.0204081633,
               "AP-AT-06-W33": 0.0,
               "IN": 0.0,
               "OUT": 0.0
            },
            "IN": {
               "AP-AT-06-W27": 0.0,
               "AP-AT-06-W28": 0.0,
               "AP-AT-06-W30": 0.0,
               "AP-AT-06-W31": 0.0,
               "AP-AT-06-W32": 0.0,
               "AP-AT-06-W33": 0.0,
               "IN": 0.0,
               "OUT": 0.0
            },
            "OUT": {
               "AP-AT-06-W27": 1.0204081633,
               "AP-AT-06-W28": 0.5102040816,
               "AP-AT-06-W30": 0.0,
               "AP-AT-06-W31": 4.0816326531,
               "AP-AT-06-W32": 26.5306122449,
               "AP-AT-06-W33": 1.0204081633,
               "IN": 0.0,
               "OUT": 0.0
            }
         },
         {
            "AP-AT-06-W27": {
               "AP-AT-06-W27": 0.0,
               "AP-AT-06-W28": 0.0,
               "AP-AT-06-W29": 0.0,
               "AP-AT-06-W30": 0.0,
               "AP-AT-06-W31": 0.6289308176,
               "AP-AT-06-W32": 0.0,
               "IN": 0.0,
               "OUT": 0.0
            },
            "AP-AT-06-W28": {
               "AP-AT-06-W27": 0.0,
               "AP-AT-06-W28": 0.0,
               "AP-AT-06-W29": 0.3144654088,
               "AP-AT-06-W30": 0.0,
               "AP-AT-06-W31": 0.0,
               "AP-AT-06-W32": 0.0,
               "IN": 0.0,
               "OUT": 0.0
            },
            "AP-AT-06-W29": {
               "AP-AT-06-W27": 0.0,
               "AP-AT-06-W28": 0.0,
               "AP-AT-06-W29": 0.0,
               "AP-AT-06-W30": 0.3144654088,
               "AP-AT-06-W31": 0.6289308176,
               "AP-AT-06-W32": 0.0,
               "IN": 0.6289308176,
               "OUT": 0.0
            },
            "AP-AT-06-W30": {
               "AP-AT-06-W27": 0.0,
               "AP-AT-06-W28": 0.0,
               "AP-AT-06-W29": 0.3144654088,
               "AP-AT-06-W30": 0.0,
               "AP-AT-06-W31": 9.748427673,
               "AP-AT-06-W32": 0.0,
               "IN": 1.2578616352,
               "OUT": 0.0
            },
            "AP-AT-06-W31": {
               "AP-AT-06-W27": 0.0,
               "AP-AT-06-W28": 0.0,
               "AP-AT-06-W29": 0.6289308176,
               "AP-AT-06-W30": 9.748427673,
               "AP-AT-06-W31": 0.0,
               "AP-AT-06-W32": 23.2704402516,
               "IN": 11.320754717,
               "OUT": 0.0
            },
            "AP-AT-06-W32": {
               "AP-AT-06-W27": 0.0,
               "AP-AT-06-W28": 0.0,
               "AP-AT-06-W29": 0.0,
               "AP-AT-06-W30": 0.3144654088,
               "AP-AT-06-W31": 22.641509434,
               "AP-AT-06-W32": 0.0,
               "IN": 2.5157232704,
               "OUT": 0.0
            },
            "IN": {
               "AP-AT-06-W27": 0.0,
               "AP-AT-06-W28": 0.0,
               "AP-AT-06-W29": 0.0,
               "AP-AT-06-W30": 0.0,
               "AP-AT-06-W31": 0.0,
               "AP-AT-06-W32": 0.0,
               "IN": 0.0,
               "OUT": 0.0
            },
            "OUT": {
               "AP-AT-06-W27": 0.6289308176,
               "AP-AT-06-W28": 0.3144654088,
               "AP-AT-06-W29": 0.3144654088,
               "AP-AT-06-W30": 0.9433962264,
               "AP-AT-06-W31": 11.320754717,
               "AP-AT-06-W32": 2.2012578616,
               "IN": 0.0,
               "OUT": 0.0
            }
         },
         {
            "AP-AT-06-W27": {
               "AP-AT-06-W27": 0.0,
               "AP-AT-06-W28": 23.6559139785,
               "AP-AT-06-W29": 0.5376344086,
               "AP-AT-06-W30": 0.5376344086,
               "AP-AT-06-W32": 0.0,
               "IN": 22.5806451613,
               "OUT": 0.0
            },
            "AP-AT-06-W28": {
               "AP-AT-06-W27": 26.8817204301,
               "AP-AT-06-W28": 0.0,
               "AP-AT-06-W29": 0.0,
               "AP-AT-06-W30": 0.0,
               "AP-AT-06-W32": 0.0,
               "IN": 0.0,
               "OUT": 0.0
            },
            "AP-AT-06-W29": {
               "AP-AT-06-W27": 0.5376344086,
               "AP-AT-06-W28": 0.0,