{
   "Day2": {
      "Threshold": 29,
      "n_clusters_distortion": 7,
      "PercentUsrCluster": [
         24.91349480968858,
         23.52941176470588,
         12.110726643598616,
         12.110726643598616,
         15.916955017301039,
         6.228373702422145,
         5.190311418685121
      ],
      "TransitionMatricesByCluster": [
         {
            "AP-AT-06-W27": {
               "AP-AT-06-W27": 0.0,
               "AP-AT-06-W28": 0.0,
               "AP-AT-06-W29": 0.0,
               "AP-AT-06-W30": 0.3831417625,
               "AP-AT-06-W31": 0.3831417625,
               "AP-AT-06-W32": 0.0,
               "AP-AT-06-W33": 0.0,
               "IN": 0.0,
               "OUT": 0.0
            },
            "AP-AT-06-W28": {
               "AP-AT-06-W27": 0.0,
               "AP-AT-06-W28": 0.0,
               "AP-AT-06-W29": 0.0,
               "AP-AT-06-W30": 0.0,
               "AP-AT-06-W31": 0.7662835249,
               "AP-AT-06-W32": 0.0,
               "AP-AT-06-W33": 0.0,
               "IN": 0.0,
               "OUT": 0.0
            },
            "AP-AT-06-W29": {
               "AP-AT-06-W27": 0.0,
               "AP-AT-06-W28": 0.0,
               "AP-AT-06-W29": 0.0,
               "AP-AT-06-W30": 0.0,
               "AP-AT-06-W31": 1.1494252874,
               "AP-AT-06-W32": 0.0,
               "AP-AT-06-W33": 0.0,
               "IN": 0.0,
               "OUT": 0.0
            },
            "AP-AT-06-W30": {
               "AP-AT-06-W27": 0.0,
               "AP-AT-06-W28": 0.0,
               "AP-AT-06-W29": 0.0,
               "AP-AT-06-W30": 0.0,
               "AP-AT-06-W31": 6.8965517241,
               "AP-AT-06-W32": 0.3831417625,
               "AP-AT-06-W33": 0.0,
               "IN": 1.5325670498,
               "OUT": 0.0
            },
            "AP-AT-06-W31": {
               "AP-AT-06-W27": 0.0,
               "AP-AT-06-W28": 0.0,
               "AP-AT-06-W29": 0.3831417625,
               "AP-AT-06-W30": 7.2796934866,
               "AP-AT-06-W31": 0.0,
               "AP-AT-06-W32": 11.1111111111,
               "AP-AT-06-W33": 0.7662835249,
               "IN": 25.2873563218,
               "OUT": 0.0
            },
            "AP-AT-06-W32": {
               "AP-AT-06-W27": 0.0,
               "AP-AT-06-W28": 0.0,
               "AP-AT-06-W29": 0.3831417625,
               "AP-AT-06-W30": 0.3831417625,
               "AP-AT-06-W31": 13.0268199234,
               "AP-AT-06-W32": 0.0,
               "AP-AT-06-W33": 0.0,
               "IN": 0.7662835249,
               "OUT": 0.0
            },
            "AP-AT-06-W33": {
               "AP-AT-06-W27": 0.0,
               "AP-AT-06-W28": 0.0,
               "AP-AT-06-W29": 0.0,
               "AP-AT-06-W30": 0.0,
               "AP-AT-06-W31": 1.5325670498,
               "AP-AT-06-W32": 0.0,
               "AP-AT-06-W33": 0.0,
               "IN": 0.0,
               "OUT": 0.0
            },
            "IN": {
               "AP-AT-06-W27": 0.0,
               "AP-AT-06-W28": 0.0,
               "AP-AT-06-W29": 0.0,
               "AP-AT-06-W30": 0.0,
               "AP-AT-06-W31": 0.0,
               "AP-AT-06-W32": 0.0,
               "AP-AT-06-W33": 0.0,
               "IN": 0.0,
               "OUT": 0.0
            },
            "OUT": {
               "AP-AT-06-W27": 0.7662835249,
               "AP-AT-06-W28": 0.7662835249,
               "AP-AT-06-W29": 0.3831417625,
               "AP-AT-06-W30": 0.7662835249,
               "AP-AT-06-W31": 21.0727969349,
               "AP-AT-06-W32": 3.0651340996,
               "AP-AT-06-W33": 0.7662835249,
               "IN": 0.0,
               "OUT": 0.0
            }
         },
         {
            "AP-AT-06-W27": {
               "AP-AT-06-W27": 0.0,
               "AP-AT-06-W28": 16.9565217391,
               "AP-AT-06-W29": 1.3043478261,
               "AP-AT-06-W30": 0.4347826087,
               "AP-AT-06-W31": 0.0,
               "AP-AT-06-W32": 0.4347826087,
               "IN": 24.7826086957,
               "OUT": 0.0
            },
            "AP-AT-06-W28": {
               "AP-AT-06-W27": 18.2608695652,
               "AP-AT-06-W28": 0.0,
               "AP-AT-06-W29": 0.0,
               "AP-AT-06-W30": 0.0,
               "AP-AT-06-W31": 0.0,
               "AP-AT-06-W32": 0.0,
               "IN": 3.4782608696,
               "OUT": 0.0
            },
            "AP-AT-06-W29": {
               "AP-AT-06-W27": 1.3043478261,
               "AP-AT-06-W28": 0.0,
               "AP-AT-06-W29": 0.0,
               "AP-AT-06-W30": 0.0,
               "AP-AT-06-W31": 0.0,
               "AP-AT-06-W32": 0.4347826087,
               "IN": 0.8695652174,
               "OUT": 0.0
            },
            "AP-AT-06-W30": {
               "AP-AT-06-W27": 0.4347826087,
               "AP-AT-06-W28": 0.0,
               "AP-AT-06-W29": 0.0,
               "AP-AT-06-W30": 0.0,
               "AP-AT-06-W31": 0.0,
               "AP-AT-06-W32": 0.0,
               "IN": 0.0,
               "OUT": 0.0
            },
            "AP-AT-06-W31": {
               "AP-AT-06-W27": 0.4347826087,
               "AP-AT-06-W28": 0.0,
               "AP-AT-06-W29": 0.0,
               "AP-AT-06-W30": 0.0,
               "AP-AT-06-W31": 0.0,
               "AP-AT-06-W32": 0.0,
               "IN": 0.0,
               "OUT": 0.0
            },
            "AP-AT-06-W32": {
               "AP-AT-06-W27": 0.8695652174,
               "AP-AT-06-W28": 0.0,
               "AP-AT-06-W29": 0.0,
               "AP-AT-06-W30": 0.0,
               "AP-AT-06-W31": 0.0,
               "AP-AT-06-W32": 0.0,
               "IN": 0.4347826087,
               "OUT": 0.0
            },
            "IN": {
               "AP-AT-06-W27": 0.0,
               "AP-AT-06-W28": 0.0,
               "AP-AT-06-W29": 0.0,
               "AP-AT-06-W30": 0.0,
               "AP-AT-06-W31": 0.0,
               "AP-AT-06-W32": 0.0,
               "IN": 0.0,
               "OUT": 0.0
            },
            "OUT": {
               "AP-AT-06-W27": 22.6086956522,
               "AP-AT-06-W28": 4.7826086957,
               "AP-AT-06-W29": 1.3043478261,
               "AP-AT-06-W30": 0.0,
               "AP-AT-06-W31": 0.4347826087,
               "AP-AT-06-W32": 0.4347826087,
               "IN": 0.0,
               "OUT": 0.0
            }
         },
         {
            "AP-AT-06-W28": {
               "AP-AT-06-W28": 0.0,
               "AP-AT-06-W29": 0.0,
               "AP-AT-06-W30": 0.8928571429,
               "AP-AT-06-W31": 0.0,
               "AP-AT-06-W32": 0.0,
               "IN": 0.0,
               "OUT": 0.0
            },
            "AP-AT-06-W29": {
               "AP-AT-06-W28": 0.0,
               "AP-AT-06-W29": 0.0,
               "AP-AT-06-W30": 1.7857142857,
               "AP-AT-06-W31": 0.0,
               "AP-AT-06-W32": 0.0,
               "IN": 1.7857142857,
               "OUT": 0.0
            },
            "AP-AT-06-W30": {
               "AP-AT-06-W28": 0.0,
               "AP-AT-06-W29": 2.6785714286,
               "AP-AT-06-W30": 0.0,
               "AP-AT-06-W31": 12.5,
               "AP-AT-06-W32": 0.0,
               "IN": 28.5714285714,
               "OUT": 0.0
            },
            "AP-AT-06-W31": {
               "AP-AT-06-W28": 0.8928571429,
               "AP-AT-06-W29": 0.0,
               "AP-AT-06-W30": 17.8571428571,
               "AP-AT-06-W31": 0.0,
               "AP-AT-06-W32": 0.0,
               "IN": 0.8928571429,
               "OUT": 0.0
            },
            "AP-AT-06-W32": {
               "AP-AT-06-W28": 0.0,
               "AP-AT-06-W29": 0.0,
               "AP-AT-06-W30": 0.8928571429,
               "AP-AT-06-W31": 0.0,
               "AP-AT-06-W32": 0.0,
               "IN": 0.0,
               "OUT": 0.0
            },
            "IN": {
               "AP-AT-06-W28": 0.0,
               "AP-AT-06-W29": 0.0,
               "AP-AT-06-W30": 0.0,