{
   "Day3": {
      "Threshold": 36,
      "n_clusters_distortion": 8,
      "PercentUsrCluster": [
         10.79136690647482,
         5.755395683453238,
         20.14388489208633,
         22.302158273381295,
         14.028776978417264,
         6.115107913669065,
         5.0359712230215825,
         15.827338129496402
      ],
      "TransitionMatricesByCluster": [
         {
            "AP-AT-06-W27": {
               "AP-AT-06-W27": 0.0,
               "AP-AT-06-W28": 8.6956521739,
               "AP-AT-06-W29": 0.0,
               "AP-AT-06-W30": 1.0869565217,
               "AP-AT-06-W32": 0.0,
               "IN": 0.0,
               "OUT": 0.0
            },
            "AP-AT-06-W28": {
               "AP-AT-06-W27": 4.347826087,
               "AP-AT-06-W28": 0.0,
               "AP-AT-06-W29": 6.5217391304,
               "AP-AT-06-W30": 0.0,
               "AP-AT-06-W32": 2.1739130435,
               "IN": 28.2608695652,
               "OUT": 0.0
            },
            "AP-AT-06-W29": {
               "AP-AT-06-W27": 0.0,
               "AP-AT-06-W28": 7.6086956522,
               "AP-AT-06-W29": 0.0,
               "AP-AT-06-W30": 0.0,
               "AP-AT-06-W32": 0.0,
               "IN": 2.1739130435,
               "OUT": 0.0
            },
            "AP-AT-06-W30": {
               "AP-AT-06-W27": 1.0869565217,
               "AP-AT-06-W28": 1.0869565217,
               "AP-AT-06-W29": 0.0,
               "AP-AT-06-W30": 0.0,
               "AP-AT-06-W32": 0.0,
               "IN": 0.0,
               "OUT": 0.0
            },
            "AP-AT-06-W32": {
               "AP-AT-06-W27": 0.0,
               "AP-AT-06-W28": 2.1739130435,
               "AP-AT-06-W29": 0.0,
               "AP-AT-06-W30": 0.0,
               "AP-AT-06-W32": 0.0,
               "IN": 2.1739130435,
               "OUT": 0.0
            },
            "IN": {
               "AP-AT-06-W27": 0.0,
               "AP-AT-06-W28": 0.0,
               "AP-AT-06-W29": 0.0,
               "AP-AT-06-W30": 0.0,
               "AP-AT-06-W32": 0.0,
               "IN": 0.0,
               "OUT": 0.0
            },
            "OUT": {
               "AP-AT-06-W27": 4.347826087,
               "AP-AT-06-W28": 21.7391304348,
               "AP-AT-06-W29": 3.2608695652,
               "AP-AT-06-W30": 1.0869565217,
               "AP-AT-06-W32": 2.1739130435,
               "IN": 0.0,
               "OUT": 0.0
            }
         },
         {
            "AP-AT-06-W27": {
               "AP-AT-06-W27": 0.0,
               "AP-AT-06-W28": 33.3333333333,
               "AP-AT-06-W29": 0.8547008547,
               "AP-AT-06-W30": 0.8547008547,
               "IN": 11.1111111111,
               "OUT": 0.0
            },
            "AP-AT-06-W28": {
               "AP-AT-06-W27": 35.8974358974,
               "AP-AT-06-W28": 0.0,
               "AP-AT-06-W29": 0.0,
               "AP-AT-06-W30": 0.0,
               "IN": 2.5641025641,
               "OUT": 0.0
            },
            "AP-AT-06-W29": {
               "AP-AT-06-W27": 0.8547008547,
               "AP-AT-06-W28": 0.0,
               "AP-AT-06-W29": 0.0,
               "AP-AT-06-W30": 0.0,
               "IN": 0.0,
               "OUT": 0.0
            },
            "AP-AT-06-W30": {
               "AP-AT-06-W27": 0.8547008547,
               "AP-AT-06-W28": 0.0,
               "AP-AT-06-W29": 0.0,
               "AP-AT-06-W30": 0.0,
               "IN": 0.0,
               "OUT": 0.0
            },
            "IN": {
               "AP-AT-06-W27": 0.0,
               "AP-AT-06-W28": 0.0,
               "AP-AT-06-W29": 0.0,
               "AP-AT-06-W30": 0.0,
               "IN": 0.0,
               "OUT": 0.0
            },
            "OUT": {
               "AP-AT-06-W27": 8.547008547,
               "AP-AT-06-W28": 5.1282051282,
               "AP-AT-06-W29": 0.0,
               "AP-AT-06-W30": 0.0,
               "IN": 0.0,
               "OUT": 0.0
            }
         },
         {
            "AP-AT-06-W27": {
               "AP-AT-06-W27": 0.0,
               "AP-AT-06-W29": 0.0,
               "AP-AT-06-W30": 2.2471910112,
               "AP-AT-06-W31": 0.0,
               "AP-AT-06-W32": 0.0,
               "IN": 0.0,
               "OUT": 0.0
            },
            "AP-AT-06-W29": {
               "AP-AT-06-W27": 0.0,
               "AP-AT-06-W29": 0.0,
               "AP-AT-06-W30": 6.1797752809,
               "AP-AT-06-W31": 0.0,
               "AP-AT-06-W32": 0.0,
               "IN": 0.0,
               "OUT": 0.0
            },
            "AP-AT-06-W30": {
               "AP-AT-06-W27": 0.0,
               "AP-AT-06-W29": 5.0561797753,
               "AP-AT-06-W30": 0.0,
               "AP-AT-06-W31": 8.4269662921,
               "AP-AT-06-W32": 2.2471910112,
               "IN": 30.3370786517,
               "OUT": 0.0
            },
            "AP-AT-06-W31": {
               "AP-AT-06-W27": 0.0,
               "AP-AT-06-W29": 0.0,
               "AP-AT-06-W30": 10.6741573034,
               "AP-AT-06-W31": 0.0,
               "AP-AT-06-W32": 0.0,
               "IN": 1.1235955056,
               "OUT": 0.0
            },
            "AP-AT-06-W32": {
               "AP-AT-06-W27": 0.0,
               "AP-AT-06-W29": 0.0,
               "AP-AT-06-W30": 2.2471910112,
               "AP-AT-06-W31": 0.0,
               "AP-AT-06-W32": 0.0,
               "IN": 0.0,
               "OUT": 0.0
            },
            "IN": {
               "AP-AT-06-W27": 0.0,
               "AP-AT-06-W29": 0.0,
               "AP-AT-06-W30": 0.0,
               "AP-AT-06-W31": 0.0,
               "AP-AT-06-W32": 0.0,
               "IN": 0.0,
               "OUT": 0.0
            },
            "OUT": {
               "AP-AT-06-W27": 2.2471910112,
               "AP-AT-06-W29": 1.1235955056,
               "AP-AT-06-W30": 24.7191011236,
               "AP-AT-06-W31": 3.3707865169,
               "AP-AT-06-W32": 0.0,
               "IN": 0.0,
               "OUT": 0.0
            }
         },
         {
            "AP-AT-06-W27": {
               "AP-AT-06-W27": 0.0,
               "AP-AT-06-W28": 0.0,
               "AP-AT-06-W29": 0.0,
               "AP-AT-06-W30": 0.0,
               "AP-AT-06-W31": 0.3636363636,
               "AP-AT-06-W32": 0.0,
               "AP-AT-06-W33": 0.0,
               "IN": 0.3636363636,
               "OUT": 0.0
            },
            "AP-AT-06-W28": {
               "AP-AT-06-W27": 0.0,
               "AP-AT-06-W28": 0.0,
               "AP-AT-06-W29": 0.0,
               "AP-AT-06-W30": 0.0,
               "AP-AT-06-W31": 0.3636363636,
               "AP-AT-06-W32": 0.0,
               "AP-AT-06-W33": 0.0,
               "IN": 0.0,
               "OUT": 0.0
            },
            "AP-AT-06-W29": {
               "AP-AT-06-W27": 0.0,
               "AP-AT-06-W28": 0.0,
               "AP-AT-06-W29": 0.0,
               "AP-AT-06-W30": 0.0,
               "AP-AT-06-W31": 0.7272727273,
               "AP-AT-06-W32": 0.0,
               "AP-AT-06-W33": 0.0,
               "IN": 0.0,
               "OUT": 0.0
            },
            "AP-AT-06-W30": {
               "AP-AT-06-W27": 0.0,
               "AP-AT-06-W28": 0.0,
               "AP-AT-06-W29": 0.3636363636,
               "AP-AT-06-W30": 0.0,
               "AP-AT-06-W31": 9.8181818182,
               "AP-AT-06-W32": 0.0,
               "AP-AT-06-W33": 0.0,
               "IN": 0.7272727273,
               "OUT": 0.0
            },
            "AP-AT-06-W31": {
               "AP-AT-06-W27": 0.3636363636,
               "AP-AT-06-W28": 0.0,
               "AP-AT-06-W29": 0.0,
               "AP-AT-06-W30": 8.3636363636,
               "AP-AT-06-W31": 0.0,
               "AP-AT-06-W32": 17.0909090909,
               "AP-AT-06-W33": 0.3636363636,
               "IN": 20.0,
               "OUT": 0.0
            },
            "AP-AT-06-W32": {
               "AP-AT-06-W27": 0.0,