{
   "Day4": {
      "Threshold": 32,
      "n_clusters_distortion": 7,
      "PercentUsrCluster": [
         28.97727272727273,
         17.613636363636363,
         18.181818181818183,
         15.909090909090908,
         5.965909090909091,
         9.090909090909092,
         4.261363636363636
      ],
      "TransitionMatricesByCluster": [
         {
            "AP-AT-06-W28": {
               "AP-AT-06-W28": 0.0,
               "AP-AT-06-W31": 0.0,
               "AP-AT-06-W32": 0.0,
               "AP-AT-06-W33": 0.8810572687,
               "IN": 0.0,
               "OUT": 0.0
            },
            "AP-AT-06-W31": {
               "AP-AT-06-W28": 0.0,
               "AP-AT-06-W31": 0.0,
               "AP-AT-06-W32": 0.0,
               "AP-AT-06-W33": 0.8810572687,
               "IN": 0.0,
               "OUT": 0.0
            },
            "AP-AT-06-W32": {
               "AP-AT-06-W28": 0.0,
               "AP-AT-06-W31": 0.0,
               "AP-AT-06-W32": 0.0,
               "AP-AT-06-W33": 4.845814978,
               "IN": 0.0,
               "OUT": 0.0
            },
            "AP-AT-06-W33": {
               "AP-AT-06-W28": 0.0,
               "AP-AT-06-W31": 0.4405286344,
               "AP-AT-06-W32": 3.0837004405,
               "AP-AT-06-W33": 0.0,
               "IN": 44.9339207048,
               "OUT": 0.0
            },
            "IN": {
               "AP-AT-06-W28": 0.0,
               "AP-AT-06-W31": 0.0,
               "AP-AT-06-W32": 0.0,
               "AP-AT-06-W33": 0.0,
               "IN": 0.0,
               "OUT": 0.0
            },
            "OUT": {
               "AP-AT-06-W28": 0.8810572687,
               "AP-AT-06-W31": 0.4405286344,
               "AP-AT-06-W32": 1.7621145374,
               "AP-AT-06-W33": 41.8502202643,
               "IN": 0.0,
               "OUT": 0.0
            }
         },
         {
            "AP-AT-06-W30": {
               "AP-AT-06-W30": 0.0,
               "AP-AT-06-W31": 5.1282051282,
               "AP-AT-06-W32": 0.0,
               "IN": 0.0,
               "OUT": 0.0
            },
            "AP-AT-06-W31": {
               "AP-AT-06-W30": 4.2735042735,
               "AP-AT-06-W31": 0.0,
               "AP-AT-06-W32": 17.094017094,
               "IN": 24.7863247863,
               "OUT": 0.0
            },
            "AP-AT-06-W32": {
               "AP-AT-06-W30": 0.0,
               "AP-AT-06-W31": 20.5128205128,
               "AP-AT-06-W32": 0.0,
               "IN": 1.7094017094,
               "OUT": 0.0
            },
            "IN": {
               "AP-AT-06-W30": 0.0,
               "AP-AT-06-W31": 0.0,
               "AP-AT-06-W32": 0.0,
               "IN": 0.0,
               "OUT": 0.0
            },
            "OUT": {
               "AP-AT-06-W30": 0.8547008547,
               "AP-AT-06-W31": 20.5128205128,
               "AP-AT-06-W32": 5.1282051282,
               "IN": 0.0,
               "OUT": 0.0
            }
         },
         {
            "AP-AT-06-W27": {
               "AP-AT-06-W27": 0.0,
               "AP-AT-06-W28": 20.6477732794,
               "AP-AT-06-W29": 1.6194331984,
               "AP-AT-06-W30": 0.0,
               "AP-AT-06-W31": 0.0,
               "AP-AT-06-W32": 0.0,
               "IN": 23.8866396761,
               "OUT": 0.0
            },
            "AP-AT-06-W28": {
               "AP-AT-06-W27": 22.2672064777,
               "AP-AT-06-W28": 0.0,
               "AP-AT-06-W29": 0.0,
               "AP-AT-06-W30": 0.0,
               "AP-AT-06-W31": 0.0,
               "AP-AT-06-W32": 0.0,
               "IN": 1.6194331984,
               "OUT": 0.0
            },
            "AP-AT-06-W29": {
               "AP-AT-06-W27": 1.2145748988,
               "AP-AT-06-W28": 0.4048582996,
               "AP-AT-06-W29": 0.0,
               "AP-AT-06-W30": 0.0,
               "AP-AT-06-W31": 0.0,
               "AP-AT-06-W32": 0.4048582996,
               "IN": 0.0,
               "OUT": 0.0
            },
            "AP-AT-06-W30": {
               "AP-AT-06-W27": 0.8097165992,
               "AP-AT-06-W28": 0.0,
               "AP-AT-06-W29": 0.0,
               "AP-AT-06-W30": 0.0,
               "AP-AT-06-W31": 0.0,
               "AP-AT-06-W32": 0.0,
               "IN": 0.0,
               "OUT": 0.0
            },
            "AP-AT-06-W31": {
               "AP-AT-06-W27": 0.4048582996,
               "AP-AT-06-W28": 0.0,
               "AP-AT-06-W29": 0.0,
               "AP-AT-06-W30": 0.0,
               "AP-AT-06-W31": 0.0,
               "AP-AT-06-W32": 0.0,
               "IN": 0.0,
               "OUT": 0.0
            },
            "AP-AT-06-W32": {
               "AP-AT-06-W27": 0.4048582996,
               "AP-AT-06-W28": 0.0,
               "AP-AT-06-W29": 0.0,
               "AP-AT-06-W30": 0.0,
               "AP-AT-06-W31": 0.0,
               "AP-AT-06-W32": 0.0,
               "IN": 0.4048582996,
               "OUT": 0.0
            },
            "IN": {
               "AP-AT-06-W27": 0.0,
               "AP-AT-06-W28": 0.0,
               "AP-AT-06-W29": 0.0,
               "AP-AT-06-W30": 0.0,
               "AP-AT-06-W31": 0.0,
               "AP-AT-06-W32": 0.0,
               "IN": 0.0,
               "OUT": 0.0
            },
            "OUT": {
               "AP-AT-06-W27": 21.0526315789,
               "AP-AT-06-W28": 2.8340080972,
               "AP-AT-06-W29": 0.4048582996,
               "AP-AT-06-W30": 0.8097165992,
               "AP-AT-06-W31": 0.4048582996,
               "AP-AT-06-W32": 0.4048582996,
               "IN": 0.0,
               "OUT": 0.0
            }
         },
         {
            "AP-AT-06-W27": {
               "AP-AT-06-W27": 0.0,
               "AP-AT-06-W28": 0.0,
               "AP-AT-06-W29": 0.0,
               "AP-AT-06-W31": 0.5434782609,
               "AP-AT-06-W32": 0.5434782609,
               "AP-AT-06-W33": 0.0,
               "IN": 0.0,
               "OUT": 0.0
            },
            "AP-AT-06-W28": {
               "AP-AT-06-W27": 0.0,
               "AP-AT-06-W28": 0.0,
               "AP-AT-06-W29": 0.0,
               "AP-AT-06-W31": 0.0,
               "AP-AT-06-W32": 0.5434782609,
               "AP-AT-06-W33": 0.0,
               "IN": 0.0,
               "OUT": 0.0
            },
            "AP-AT-06-W29": {
               "AP-AT-06-W27": 0.0,
               "AP-AT-06-W28": 0.0,
               "AP-AT-06-W29": 0.0,
               "AP-AT-06-W31": 0.0,
               "AP-AT-06-W32": 0.5434782609,
               "AP-AT-06-W33": 0.0,
               "IN": 0.5434782609,
               "OUT": 0.0
            },
            "AP-AT-06-W31": {
               "AP-AT-06-W27": 0.0,
               "AP-AT-06-W28": 0.0,
               "AP-AT-06-W29": 0.5434782609,
               "AP-AT-06-W31": 0.0,
               "AP-AT-06-W32": 13.5869565217,
               "AP-AT-06-W33": 0.5434782609,
               "IN": 2.1739130435,
               "OUT": 0.0
            },
            "AP-AT-06-W32": {
               "AP-AT-06-W27": 0.0,
               "AP-AT-06-W28": 0.0,
               "AP-AT-06-W29": 0.0,
               "AP-AT-06-W31": 14.1304347826,
               "AP-AT-06-W32": 0.0,
               "AP-AT-06-W33": 3.2608695652,
               "IN": 26.6304347826,
               "OUT": 0.0
            },
            "AP-AT-06-W33": {
               "AP-AT-06-W27": 0.0,
               "AP-AT-06-W28": 0.0,
               "AP-AT-06-W29": 0.0,
               "AP-AT-06-W31": 0.0,
               "AP-AT-06-W32": 4.8913043478,
               "AP-AT-06-W33": 0.0,
               "IN": 1.0869565217,
               "OUT": 0.0
            },
            "IN": {
               "AP-AT-06-W27": 0.0,
               "AP-AT-06-W28": 0.0,
               "AP-AT-06-W29": 0.0,
               "AP-AT-06-W31": 0.0,
               "AP-AT-06-W32": 0.0,
               "AP-AT-06-W33": 0.0,
               "IN": 0.0,
               "OUT": 0.0
            },