{
   "Day5": {
      "Threshold": 43,
      "n_clusters_distortion": 7,
      "PercentUsrCluster": [
         19.35483870967742,
         21.935483870967744,
         8.064516129032258,
         15.161290322580644,
         15.161290322580644,
         8.38709677419355,
         11.935483870967742
      ],
      "TransitionMatricesByCluster": [
         {
            "AP-AT-06-W30": {
               "AP-AT-06-W30": 0.0,
               "AP-AT-06-W31": 11.0,
               "AP-AT-06-W32": 0.0,
               "IN": 1.0,
               "OUT": 0.0
            },
            "AP-AT-06-W31": {
               "AP-AT-06-W30": 10.0,
               "AP-AT-06-W31": 0.0,
               "AP-AT-06-W32": 9.0,
               "IN": 27.0,
               "OUT": 0.0
            },
            "AP-AT-06-W32": {
               "AP-AT-06-W30": 0.0,
               "AP-AT-06-W31": 10.0,
               "AP-AT-06-W32": 0.0,
               "IN": 2.0,
               "OUT": 0.0
            },
            "IN": {
               "AP-AT-06-W30": 0.0,
               "AP-AT-06-W31": 0.0,
               "AP-AT-06-W32": 0.0,
               "IN": 0.0,
               "OUT": 0.0
            },
            "OUT": {
               "AP-AT-06-W30": 2.0,
               "AP-AT-06-W31": 25.0,
               "AP-AT-06-W32": 3.0,
               "IN": 0.0,
               "OUT": 0.0
            }
         },
         {
            "AP-AT-06-W27": {
               "AP-AT-06-W27": 0.0,
               "AP-AT-06-W31": 0.0,
               "AP-AT-06-W32": 0.0,
               "AP-AT-06-W33": 0.0,
               "IN": 0.6849315068,
               "OUT": 0.0
            },
            "AP-AT-06-W31": {
               "AP-AT-06-W27": 0.0,
               "AP-AT-06-W31": 0.0,
               "AP-AT-06-W32": 0.0,
               "AP-AT-06-W33": 1.3698630137,
               "IN": 0.6849315068,
               "OUT": 0.0
            },
            "AP-AT-06-W32": {
               "AP-AT-06-W27": 0.0,
               "AP-AT-06-W31": 0.0,
               "AP-AT-06-W32": 0.0,
               "AP-AT-06-W33": 2.7397260274,
               "IN": 0.0,
               "OUT": 0.0
            },
            "AP-AT-06-W33": {
               "AP-AT-06-W27": 0.6849315068,
               "AP-AT-06-W31": 1.3698630137,
               "AP-AT-06-W32": 0.6849315068,
               "AP-AT-06-W33": 0.0,
               "IN": 45.2054794521,
               "OUT": 0.0
            },
            "IN": {
               "AP-AT-06-W27": 0.0,
               "AP-AT-06-W31": 0.0,
               "AP-AT-06-W32": 0.0,
               "AP-AT-06-W33": 0.0,
               "IN": 0.0,
               "OUT": 0.0
            },
            "OUT": {
               "AP-AT-06-W27": 0.0,
               "AP-AT-06-W31": 0.6849315068,
               "AP-AT-06-W32": 2.0547945205,
               "AP-AT-06-W33": 43.8356164384,
               "IN": 0.0,
               "OUT": 0.0
            }
         },
         {
            "AP-AT-06-W27": {
               "AP-AT-06-W27": 0.0,
               "AP-AT-06-W28": 2.5316455696,
               "AP-AT-06-W29": 0.0,
               "AP-AT-06-W30": 0.0,
               "AP-AT-06-W32": 0.0,
               "IN": 0.0,
               "OUT": 0.0
            },
            "AP-AT-06-W28": {
               "AP-AT-06-W27": 0.0,
               "AP-AT-06-W28": 0.0,
               "AP-AT-06-W29": 10.1265822785,
               "AP-AT-06-W30": 0.0,
               "AP-AT-06-W32": 0.0,
               "IN": 1.2658227848,
               "OUT": 0.0
            },
            "AP-AT-06-W29": {
               "AP-AT-06-W27": 1.2658227848,
               "AP-AT-06-W28": 7.5949367089,
               "AP-AT-06-W29": 0.0,
               "AP-AT-06-W30": 6.3291139241,
               "AP-AT-06-W32": 0.0,
               "IN": 25.3164556962,
               "OUT": 0.0
            },
            "AP-AT-06-W30": {
               "AP-AT-06-W27": 0.0,
               "AP-AT-06-W28": 0.0,
               "AP-AT-06-W29": 6.3291139241,
               "AP-AT-06-W30": 0.0,
               "AP-AT-06-W32": 0.0,
               "IN": 5.0632911392,
               "OUT": 0.0
            },
            "AP-AT-06-W32": {
               "AP-AT-06-W27": 0.0,
               "AP-AT-06-W28": 0.0,
               "AP-AT-06-W29": 2.5316455696,
               "AP-AT-06-W30": 0.0,
               "AP-AT-06-W32": 0.0,
               "IN": 0.0,
               "OUT": 0.0
            },
            "IN": {
               "AP-AT-06-W27": 0.0,
               "AP-AT-06-W28": 0.0,
               "AP-AT-06-W29": 0.0,
               "AP-AT-06-W30": 0.0,
               "AP-AT-06-W32": 0.0,
               "IN": 0.0,
               "OUT": 0.0
            },
            "OUT": {
               "AP-AT-06-W27": 1.2658227848,
               "AP-AT-06-W28": 1.2658227848,
               "AP-AT-06-W29": 21.5189873418,
               "AP-AT-06-W30": 5.0632911392,
               "AP-AT-06-W32": 2.5316455696,
               "IN": 0.0,
               "OUT": 0.0
            }
         },
         {
            "AP-AT-06-W27": {
               "AP-AT-06-W27": 0.0,
               "AP-AT-06-W28": 19.4444444444,
               "AP-AT-06-W29": 1.1111111111,
               "AP-AT-06-W30": 0.0,
               "AP-AT-06-W31": 1.1111111111,
               "IN": 25.0,
               "OUT": 0.0
            },
            "AP-AT-06-W28": {
               "AP-AT-06-W27": 23.3333333333,
               "AP-AT-06-W28": 0.0,
               "AP-AT-06-W29": 0.0,
               "AP-AT-06-W30": 0.0,
               "AP-AT-06-W31": 0.0,
               "IN": 0.0,
               "OUT": 0.0
            },
            "AP-AT-06-W29": {
               "AP-AT-06-W27": 1.1111111111,
               "AP-AT-06-W28": 0.5555555556,
               "AP-AT-06-W29": 0.0,
               "AP-AT-06-W30": 0.0,
               "AP-AT-06-W31": 0.0,
               "IN": 0.0,
               "OUT": 0.0
            },
            "AP-AT-06-W30": {
               "AP-AT-06-W27": 1.1111111111,
               "AP-AT-06-W28": 0.0,
               "AP-AT-06-W29": 0.0,
               "AP-AT-06-W30": 0.0,
               "AP-AT-06-W31": 0.0,
               "IN": 0.0,
               "OUT": 0.0
            },
            "AP-AT-06-W31": {
               "AP-AT-06-W27": 0.0,
               "AP-AT-06-W28": 0.0,
               "AP-AT-06-W29": 0.0,
               "AP-AT-06-W30": 0.0,
               "AP-AT-06-W31": 0.0,
               "IN": 1.1111111111,
               "OUT": 0.0
            },
            "IN": {
               "AP-AT-06-W27": 0.0,
               "AP-AT-06-W28": 0.0,
               "AP-AT-06-W29": 0.0,
               "AP-AT-06-W30": 0.0,
               "AP-AT-06-W31": 0.0,
               "IN": 0.0,
               "OUT": 0.0
            },
            "OUT": {
               "AP-AT-06-W27": 21.1111111111,
               "AP-AT-06-W28": 3.3333333333,
               "AP-AT-06-W29": 0.5555555556,
               "AP-AT-06-W30": 1.1111111111,
               "AP-AT-06-W31": 0.0,
               "IN": 0.0,
               "OUT": 0.0
            }
         },
         {
            "AP-AT-06-W27": {
               "AP-AT-06-W27": 0.0,
               "AP-AT-06-W29": 0.0,
               "AP-AT-06-W30": 0.0,
               "AP-AT-06-W31": 0.0,
               "AP-AT-06-W32": 1.1695906433,
               "AP-AT-06-W33": 0.0,
               "IN": 0.0,
               "OUT": 0.0
            },
            "AP-AT-06-W29": {
               "AP-AT-06-W27": 0.0,
               "AP-AT-06-W29": 0.0,
               "AP-AT-06-W30": 0.0,
               "AP-AT-06-W31": 0.0,
               "AP-AT-06-W32": 0.5847953216,
               "AP-AT-06-W33": 0.0,
               "IN": 0.5847953216,
               "OUT": 0.0
            },
            "AP-AT-06-W30": {
               "AP-AT-06-W27": 0.0,
               "AP-AT-06-W29": 0.0,
               "AP-AT-06-W30": 0.0,
               "AP-AT-06-W31": 0.5847953216,
               "AP-AT-06-W32": 1.7543859649,
               "AP-AT-06-W33": 0.0,