{
   "Day1": {
      "Threshold": 29,
      "n_clusters_distortion": 6,
      "PercentUsrCluster": [
         21.35922330097087,
         33.20388349514563,
         8.737864077669903,
         9.70873786407767,
         20.388349514563107,
         6.601941747572816
      ],
      "TransitionMatricesByCluster": [
         {
            "AP-AT-02-W14": {
               "AP-AT-02-W14": 0.0,
               "AP-AT-02-W15": 0.0,
               "AP-AT-02-W16": 0.6493506494,
               "AP-AT-02-W17": 0.0,
               "AP-AT-02-W18": 0.0,
               "AP-AT-11-W41": 0.0,
               "IN": 0.0,
               "OUT": 0.0
            },
            "AP-AT-02-W15": {
               "AP-AT-02-W14": 0.0,
               "AP-AT-02-W15": 0.0,
               "AP-AT-02-W16": 7.4675324675,
               "AP-AT-02-W17": 0.6493506494,
               "AP-AT-02-W18": 0.0,
               "AP-AT-11-W41": 0.0,
               "IN": 2.2727272727,
               "OUT": 0.0
            },
            "AP-AT-02-W16": {
               "AP-AT-02-W14": 0.3246753247,
               "AP-AT-02-W15": 5.8441558442,
               "AP-AT-02-W16": 0.0,
               "AP-AT-02-W17": 3.5714285714,
               "AP-AT-02-W18": 0.974025974,
               "AP-AT-11-W41": 0.0,
               "IN": 31.1688311688,
               "OUT": 0.0
            },
            "AP-AT-02-W17": {
               "AP-AT-02-W14": 0.0,
               "AP-AT-02-W15": 0.6493506494,
               "AP-AT-02-W16": 5.8441558442,
               "AP-AT-02-W17": 0.0,
               "AP-AT-02-W18": 0.3246753247,
               "AP-AT-11-W41": 0.0,
               "IN": 1.6233766234,
               "OUT": 0.0
            },
            "AP-AT-02-W18": {
               "AP-AT-02-W14": 0.0,
               "AP-AT-02-W15": 0.3246753247,
               "AP-AT-02-W16": 0.6493506494,
               "AP-AT-02-W17": 0.6493506494,
               "AP-AT-02-W18": 0.0,
               "AP-AT-11-W41": 0.3246753247,
               "IN": 0.3246753247,
               "OUT": 0.0
            },
            "AP-AT-11-W41": {
               "AP-AT-02-W14": 0.0,
               "AP-AT-02-W15": 0.0,
               "AP-AT-02-W16": 0.3246753247,
               "AP-AT-02-W17": 0.0,
               "AP-AT-02-W18": 0.0,
               "AP-AT-11-W41": 0.0,
               "IN": 0.3246753247,
               "OUT": 0.0
            },
            "IN": {
               "AP-AT-02-W14": 0.0,
               "AP-AT-02-W15": 0.0,
               "AP-AT-02-W16": 0.0,
               "AP-AT-02-W17": 0.0,
               "AP-AT-02-W18": 0.0,
               "AP-AT-11-W41": 0.0,
               "IN": 0.0,
               "OUT": 0.0
            },
            "OUT": {
               "AP-AT-02-W14": 0.3246753247,
               "AP-AT-02-W15": 3.5714285714,
               "AP-AT-02-W16": 26.9480519481,
               "AP-AT-02-W17": 3.5714285714,
               "AP-AT-02-W18": 0.974025974,
               "AP-AT-11-W41": 0.3246753247,
               "IN": 0.0,
               "OUT": 0.0
            }
         },
         {
            "AP-AT-02-W14": {
               "AP-AT-02-W14": 0.0,
               "AP-AT-02-W15": 0.7575757576,
               "AP-AT-02-W16": 0.0,
               "AP-AT-02-W17": 0.0,
               "AP-AT-02-W18": 0.0,
               "AP-AT-11-W41": 0.0,
               "IN": 0.2525252525,
               "OUT": 0.0
            },
            "AP-AT-02-W15": {
               "AP-AT-02-W14": 0.0,
               "AP-AT-02-W15": 0.0,
               "AP-AT-02-W16": 4.5454545455,
               "AP-AT-02-W17": 0.5050505051,
               "AP-AT-02-W18": 0.0,
               "AP-AT-11-W41": 0.0,
               "IN": 41.1616161616,
               "OUT": 0.0
            },
            "AP-AT-02-W16": {
               "AP-AT-02-W14": 0.2525252525,
               "AP-AT-02-W15": 4.797979798,
               "AP-AT-02-W16": 0.0,
               "AP-AT-02-W17": 0.2525252525,
               "AP-AT-02-W18": 0.0,
               "AP-AT-11-W41": 0.0,
               "IN": 1.5151515152,
               "OUT": 0.0
            },
            "AP-AT-02-W17": {
               "AP-AT-02-W14": 0.0,
               "AP-AT-02-W15": 1.2626262626,
               "AP-AT-02-W16": 0.0,
               "AP-AT-02-W17": 0.0,
               "AP-AT-02-W18": 0.0,
               "AP-AT-11-W41": 0.0,
               "IN": 0.2525252525,
               "OUT": 0.0
            },
            "AP-AT-02-W18": {
               "AP-AT-02-W14": 0.0,
               "AP-AT-02-W15": 0.7575757576,
               "AP-AT-02-W16": 0.0,
               "AP-AT-02-W17": 0.0,
               "AP-AT-02-W18": 0.0,
               "AP-AT-11-W41": 0.0,
               "IN": 0.0,
               "OUT": 0.0
            },
            "AP-AT-11-W41": {
               "AP-AT-02-W14": 0.0,
               "AP-AT-02-W15": 0.5050505051,
               "AP-AT-02-W16": 0.0,
               "AP-AT-02-W17": 0.0,
               "AP-AT-02-W18": 0.0,
               "AP-AT-11-W41": 0.0,
               "IN": 0.0,
               "OUT": 0.0
            },
            "IN": {
               "AP-AT-02-W14": 0.0,
               "AP-AT-02-W15": 0.0,
               "AP-AT-02-W16": 0.0,
               "AP-AT-02-W17": 0.0,
               "AP-AT-02-W18": 0.0,
               "AP-AT-11-W41": 0.0,
               "IN": 0.0,
               "OUT": 0.0
            },
            "OUT": {
               "AP-AT-02-W14": 0.7575757576,
               "AP-AT-02-W15": 38.1313131313,
               "AP-AT-02-W16": 2.2727272727,
               "AP-AT-02-W17": 0.7575757576,
               "AP-AT-02-W18": 0.7575757576,
               "AP-AT-11-W41": 0.5050505051,
               "IN": 0.0,
               "OUT": 0.0
            }
         },
         {
            "AP-AT-02-W14": {
               "AP-AT-02-W14": 0.0,
               "AP-AT-02-W15": 0.0,
               "AP-AT-02-W16": 0.0,
               "AP-AT-02-W17": 0.0,
               "AP-AT-02-W18": 0.7692307692,
               "AP-AT-11-W41": 0.0,
               "IN": 0.0,
               "OUT": 0.0
            },
            "AP-AT-02-W15": {
               "AP-AT-02-W14": 0.0,
               "AP-AT-02-W15": 0.0,
               "AP-AT-02-W16": 0.0,
               "AP-AT-02-W17": 0.0,
               "AP-AT-02-W18": 2.3076923077,
               "AP-AT-11-W41": 0.0,
               "IN": 3.8461538462,
               "OUT": 0.0
            },
            "AP-AT-02-W16": {
               "AP-AT-02-W14": 0.0,
               "AP-AT-02-W15": 0.0,
               "AP-AT-02-W16": 0.0,
               "AP-AT-02-W17": 0.0,
               "AP-AT-02-W18": 3.0769230769,
               "AP-AT-11-W41": 0.0,
               "IN": 0.0,
               "OUT": 0.0
            },
            "AP-AT-02-W17": {
               "AP-AT-02-W14": 0.0,
               "AP-AT-02-W15": 0.0,
               "AP-AT-02-W16": 0.0,
               "AP-AT-02-W17": 0.0,
               "AP-AT-02-W18": 8.4615384615,
               "AP-AT-11-W41": 0.7692307692,
               "IN": 3.8461538462,
               "OUT": 0.0
            },
            "AP-AT-02-W18": {
               "AP-AT-02-W14": 0.0,
               "AP-AT-02-W15": 3.8461538462,
               "AP-AT-02-W16": 0.0,
               "AP-AT-02-W17": 8.4615384615,
               "AP-AT-02-W18": 0.0,
               "AP-AT-11-W41": 0.7692307692,
               "IN": 26.9230769231,
               "OUT": 0.0
            },
            "AP-AT-11-W41": {
               "AP-AT-02-W14": 0.0,
               "AP-AT-02-W15": 0.0,
               "AP-AT-02-W16": 0.0,
               "AP-AT-02-W17": 0.0,
               "AP-AT-02-W18": 2.3076923077,
               "AP-AT-11-W41": 0.0,
               "IN": 0.0,
               "OUT": 0.0
            },
            "IN": {
               "AP-AT-02-W14": 0.0,
               "AP-AT-02-W15": 0.0,
               "AP-AT-02-W16": 0.0,
               "AP-AT-02-W17": 0.0,
               "AP-AT-02-W18": 0.0,
               "AP-AT-11-W41": 0.0,
               "IN": 0.0,