{
   "Day2": {
      "Threshold": 29,
      "n_clusters_distortion": 6,
      "PercentUsrCluster": [
         13.28125,
         28.125,
         11.9140625,
         30.078125,
         10.15625,
         6.4453125
      ],
      "TransitionMatricesByCluster": [
         {
            "AP-AT-02-W14": {
               "AP-AT-02-W14": 0.0,
               "AP-AT-02-W15": 0.0,
               "AP-AT-02-W16": 0.5208333333,
               "AP-AT-02-W17": 0.0,
               "AP-AT-02-W18": 0.0,
               "AP-AT-11-W41": 0.0,
               "IN": 0.0,
               "OUT": 0.0
            },
            "AP-AT-02-W15": {
               "AP-AT-02-W14": 0.0,
               "AP-AT-02-W15": 0.0,
               "AP-AT-02-W16": 9.375,
               "AP-AT-02-W17": 0.5208333333,
               "AP-AT-02-W18": 0.0,
               "AP-AT-11-W41": 0.0,
               "IN": 3.125,
               "OUT": 0.0
            },
            "AP-AT-02-W16": {
               "AP-AT-02-W14": 0.0,
               "AP-AT-02-W15": 4.6875,
               "AP-AT-02-W16": 0.0,
               "AP-AT-02-W17": 4.1666666667,
               "AP-AT-02-W18": 0.0,
               "AP-AT-11-W41": 0.5208333333,
               "IN": 30.2083333333,
               "OUT": 0.0
            },
            "AP-AT-02-W17": {
               "AP-AT-02-W14": 0.0,
               "AP-AT-02-W15": 1.5625,
               "AP-AT-02-W16": 7.2916666667,
               "AP-AT-02-W17": 0.0,
               "AP-AT-02-W18": 0.0,
               "AP-AT-11-W41": 0.0,
               "IN": 1.5625,
               "OUT": 0.0
            },
            "AP-AT-02-W18": {
               "AP-AT-02-W14": 0.0,
               "AP-AT-02-W15": 0.0,
               "AP-AT-02-W16": 0.5208333333,
               "AP-AT-02-W17": 0.0,
               "AP-AT-02-W18": 0.0,
               "AP-AT-11-W41": 0.0,
               "IN": 0.0,
               "OUT": 0.0
            },
            "AP-AT-11-W41": {
               "AP-AT-02-W14": 0.0,
               "AP-AT-02-W15": 0.0,
               "AP-AT-02-W16": 0.0,
               "AP-AT-02-W17": 0.0,
               "AP-AT-02-W18": 0.0,
               "AP-AT-11-W41": 0.0,
               "IN": 0.5208333333,
               "OUT": 0.0
            },
            "IN": {
               "AP-AT-02-W14": 0.0,
               "AP-AT-02-W15": 0.0,
               "AP-AT-02-W16": 0.0,
               "AP-AT-02-W17": 0.0,
               "AP-AT-02-W18": 0.0,
               "AP-AT-11-W41": 0.0,
               "IN": 0.0,
               "OUT": 0.0
            },
            "OUT": {
               "AP-AT-02-W14": 0.5208333333,
               "AP-AT-02-W15": 6.7708333333,
               "AP-AT-02-W16": 21.875,
               "AP-AT-02-W17": 5.7291666667,
               "AP-AT-02-W18": 0.5208333333,
               "AP-AT-11-W41": 0.0,
               "IN": 0.0,
               "OUT": 0.0
            }
         },
         {
            "AP-AT-02-W14": {
               "AP-AT-02-W14": 0.0,
               "AP-AT-02-W15": 0.0,
               "AP-AT-02-W16": 0.0,
               "AP-AT-02-W17": 0.2770083102,
               "AP-AT-02-W18": 0.0,
               "AP-AT-11-W41": 0.0,
               "IN": 0.0,
               "OUT": 0.0
            },
            "AP-AT-02-W15": {
               "AP-AT-02-W14": 0.0,
               "AP-AT-02-W15": 0.0,
               "AP-AT-02-W16": 0.0,
               "AP-AT-02-W17": 0.8310249307,
               "AP-AT-02-W18": 0.0,
               "AP-AT-11-W41": 0.0,
               "IN": 0.5540166205,
               "OUT": 0.0
            },
            "AP-AT-02-W16": {
               "AP-AT-02-W14": 0.0,
               "AP-AT-02-W15": 0.2770083102,
               "AP-AT-02-W16": 0.0,
               "AP-AT-02-W17": 6.9252077562,
               "AP-AT-02-W18": 0.0,
               "AP-AT-11-W41": 0.0,
               "IN": 0.8310249307,
               "OUT": 0.0
            },
            "AP-AT-02-W17": {
               "AP-AT-02-W14": 0.0,
               "AP-AT-02-W15": 0.0,
               "AP-AT-02-W16": 4.1551246537,
               "AP-AT-02-W17": 0.0,
               "AP-AT-02-W18": 2.216066482,
               "AP-AT-11-W41": 0.5540166205,
               "IN": 37.3961218837,
               "OUT": 0.0
            },
            "AP-AT-02-W18": {
               "AP-AT-02-W14": 0.0,
               "AP-AT-02-W15": 0.2770083102,
               "AP-AT-02-W16": 0.2770083102,
               "AP-AT-02-W17": 3.324099723,
               "AP-AT-02-W18": 0.0,
               "AP-AT-11-W41": 0.0,
               "IN": 0.8310249307,
               "OUT": 0.0
            },
            "AP-AT-11-W41": {
               "AP-AT-02-W14": 0.0,
               "AP-AT-02-W15": 0.0,
               "AP-AT-02-W16": 0.0,
               "AP-AT-02-W17": 1.108033241,
               "AP-AT-02-W18": 0.0,
               "AP-AT-11-W41": 0.0,
               "IN": 0.2770083102,
               "OUT": 0.0
            },
            "IN": {
               "AP-AT-02-W14": 0.0,
               "AP-AT-02-W15": 0.0,
               "AP-AT-02-W16": 0.0,
               "AP-AT-02-W17": 0.0,
               "AP-AT-02-W18": 0.0,
               "AP-AT-11-W41": 0.0,
               "IN": 0.0,
               "OUT": 0.0
            },
            "OUT": {
               "AP-AT-02-W14": 0.2770083102,
               "AP-AT-02-W15": 0.8310249307,
               "AP-AT-02-W16": 3.6011080332,
               "AP-AT-02-W17": 31.8559556787,
               "AP-AT-02-W18": 2.4930747922,
               "AP-AT-11-W41": 0.8310249307,
               "IN": 0.0,
               "OUT": 0.0
            }
         },
         {
            "AP-AT-02-W14": {
               "AP-AT-02-W14": 0.0,
               "AP-AT-02-W15": 0.0,
               "AP-AT-02-W16": 0.0,
               "AP-AT-02-W17": 0.0,
               "AP-AT-02-W18": 0.0,
               "AP-AT-11-W41": 0.7142857143,
               "IN": 0.0,
               "OUT": 0.0
            },
            "AP-AT-02-W15": {
               "AP-AT-02-W14": 0.0,
               "AP-AT-02-W15": 0.0,
               "AP-AT-02-W16": 0.0,
               "AP-AT-02-W17": 0.0,
               "AP-AT-02-W18": 0.0,
               "AP-AT-11-W41": 3.5714285714,
               "IN": 0.0,
               "OUT": 0.0
            },
            "AP-AT-02-W16": {
               "AP-AT-02-W14": 0.0,
               "AP-AT-02-W15": 0.0,
               "AP-AT-02-W16": 0.0,
               "AP-AT-02-W17": 0.0,
               "AP-AT-02-W18": 0.0,
               "AP-AT-11-W41": 0.7142857143,
               "IN": 0.7142857143,
               "OUT": 0.0
            },
            "AP-AT-02-W17": {
               "AP-AT-02-W14": 0.0,
               "AP-AT-02-W15": 0.0,
               "AP-AT-02-W16": 0.0,
               "AP-AT-02-W17": 0.0,
               "AP-AT-02-W18": 0.0,
               "AP-AT-11-W41": 1.4285714286,
               "IN": 0.0,
               "OUT": 0.0
            },
            "AP-AT-02-W18": {
               "AP-AT-02-W14": 0.0,
               "AP-AT-02-W15": 0.0,
               "AP-AT-02-W16": 0.0,
               "AP-AT-02-W17": 0.7142857143,
               "AP-AT-02-W18": 0.0,
               "AP-AT-11-W41": 1.4285714286,
               "IN": 1.4285714286,
               "OUT": 0.0
            },
            "AP-AT-11-W41": {
               "AP-AT-02-W14": 0.0,
               "AP-AT-02-W15": 0.7142857143,
               "AP-AT-02-W16": 0.7142857143,
               "AP-AT-02-W17": 0.0,
               "AP-AT-02-W18": 2.8571428571,
               "AP-AT-11-W41": 0.0,
               "IN": 41.4285714286,
               "OUT": 0.0
            },
            "IN": {
               "AP-AT-02-W14": 0.0,
               "AP-AT-02-W15": 0.0,
               "AP-AT-02-W16": 0.0,
               "AP-AT-02-W17": 0.0,
               "AP-AT-02-W18": 0.0,
               "AP-AT-11-W41": 0.0,
               "IN": 0.0,
               "OUT": 0.0
            },
            "OUT": {
               "AP-AT-02-W14": 0.7142857143,