{
   "Day3": {
      "Threshold": 36,
      "n_clusters_distortion": 6,
      "PercentUsrCluster": [
         15.723270440251572,
         14.255765199161424,
         32.70440251572327,
         15.30398322851153,
         10.272536687631026,
         11.740041928721174
      ],
      "TransitionMatricesByCluster": [
         {
            "AP-AT-02-W14": {
               "AP-AT-02-W14": 0.0,
               "AP-AT-02-W15": 0.0,
               "AP-AT-02-W16": 0.0,
               "AP-AT-02-W17": 0.0,
               "AP-AT-02-W18": 0.0,
               "AP-AT-11-W41": 0.0,
               "IN": 0.4587155963,
               "OUT": 0.0
            },
            "AP-AT-02-W15": {
               "AP-AT-02-W14": 0.0,
               "AP-AT-02-W15": 0.0,
               "AP-AT-02-W16": 8.2568807339,
               "AP-AT-02-W17": 0.4587155963,
               "AP-AT-02-W18": 0.0,
               "AP-AT-11-W41": 0.0,
               "IN": 2.2935779817,
               "OUT": 0.0
            },
            "AP-AT-02-W16": {
               "AP-AT-02-W14": 0.4587155963,
               "AP-AT-02-W15": 5.9633027523,
               "AP-AT-02-W16": 0.0,
               "AP-AT-02-W17": 5.504587156,
               "AP-AT-02-W18": 0.4587155963,
               "AP-AT-11-W41": 0.0,
               "IN": 30.2752293578,
               "OUT": 0.0
            },
            "AP-AT-02-W17": {
               "AP-AT-02-W14": 0.0,
               "AP-AT-02-W15": 1.376146789,
               "AP-AT-02-W16": 5.504587156,
               "AP-AT-02-W17": 0.0,
               "AP-AT-02-W18": 0.4587155963,
               "AP-AT-11-W41": 0.0,
               "IN": 1.376146789,
               "OUT": 0.0
            },
            "AP-AT-02-W18": {
               "AP-AT-02-W14": 0.0,
               "AP-AT-02-W15": 0.0,
               "AP-AT-02-W16": 1.8348623853,
               "AP-AT-02-W17": 0.4587155963,
               "AP-AT-02-W18": 0.0,
               "AP-AT-11-W41": 0.0,
               "IN": 0.0,
               "OUT": 0.0
            },
            "AP-AT-11-W41": {
               "AP-AT-02-W14": 0.0,
               "AP-AT-02-W15": 0.0,
               "AP-AT-02-W16": 0.4587155963,
               "AP-AT-02-W17": 0.0,
               "AP-AT-02-W18": 0.0,
               "AP-AT-11-W41": 0.0,
               "IN": 0.0,
               "OUT": 0.0
            },
            "IN": {
               "AP-AT-02-W14": 0.0,
               "AP-AT-02-W15": 0.0,
               "AP-AT-02-W16": 0.0,
               "AP-AT-02-W17": 0.0,
               "AP-AT-02-W18": 0.0,
               "AP-AT-11-W41": 0.0,
               "IN": 0.0,
               "OUT": 0.0
            },
            "OUT": {
               "AP-AT-02-W14": 0.0,
               "AP-AT-02-W15": 3.6697247706,
               "AP-AT-02-W16": 26.6055045872,
               "AP-AT-02-W17": 2.2935779817,
               "AP-AT-02-W18": 1.376146789,
               "AP-AT-11-W41": 0.4587155963,
               "IN": 0.0,
               "OUT": 0.0
            }
         },
         {
            "AP-AT-02-W15": {
               "AP-AT-02-W15": 0.0,
               "AP-AT-02-W16": 0.5263157895,
               "AP-AT-02-W17": 2.6315789474,
               "AP-AT-02-W18": 0.0,
               "AP-AT-11-W41": 0.0,
               "IN": 0.5263157895,
               "OUT": 0.0
            },
            "AP-AT-02-W16": {
               "AP-AT-02-W15": 1.0526315789,
               "AP-AT-02-W16": 0.0,
               "AP-AT-02-W17": 8.4210526316,
               "AP-AT-02-W18": 0.5263157895,
               "AP-AT-11-W41": 0.0,
               "IN": 2.6315789474,
               "OUT": 0.0
            },
            "AP-AT-02-W17": {
               "AP-AT-02-W15": 0.5263157895,
               "AP-AT-02-W16": 5.2631578947,
               "AP-AT-02-W17": 0.0,
               "AP-AT-02-W18": 3.6842105263,
               "AP-AT-11-W41": 0.5263157895,
               "IN": 30.0,
               "OUT": 0.0
            },
            "AP-AT-02-W18": {
               "AP-AT-02-W15": 0.0,
               "AP-AT-02-W16": 0.0,
               "AP-AT-02-W17": 3.6842105263,
               "AP-AT-02-W18": 0.0,
               "AP-AT-11-W41": 0.5263157895,
               "IN": 2.6315789474,
               "OUT": 0.0
            },
            "AP-AT-11-W41": {
               "AP-AT-02-W15": 0.0,
               "AP-AT-02-W16": 0.0,
               "AP-AT-02-W17": 0.5263157895,
               "AP-AT-02-W18": 0.5263157895,
               "AP-AT-11-W41": 0.0,
               "IN": 0.0,
               "OUT": 0.0
            },
            "IN": {
               "AP-AT-02-W15": 0.0,
               "AP-AT-02-W16": 0.0,
               "AP-AT-02-W17": 0.0,
               "AP-AT-02-W18": 0.0,
               "AP-AT-11-W41": 0.0,
               "IN": 0.0,
               "OUT": 0.0
            },
            "OUT": {
               "AP-AT-02-W15": 2.1052631579,
               "AP-AT-02-W16": 6.8421052632,
               "AP-AT-02-W17": 24.7368421053,
               "AP-AT-02-W18": 2.1052631579,
               "AP-AT-11-W41": 0.0,
               "IN": 0.0,
               "OUT": 0.0
            }
         },
         {
            "AP-AT-02-W14": {
               "AP-AT-02-W14": 0.0,
               "AP-AT-02-W15": 2.75,
               "AP-AT-02-W16": 0.0,
               "AP-AT-02-W17": 0.0,
               "AP-AT-02-W18": 0.0,
               "AP-AT-11-W41": 0.0,
               "IN": 0.0,
               "OUT": 0.0
            },
            "AP-AT-02-W15": {
               "AP-AT-02-W14": 1.5,
               "AP-AT-02-W15": 0.0,
               "AP-AT-02-W16": 3.75,
               "AP-AT-02-W17": 1.0,
               "AP-AT-02-W18": 0.75,
               "AP-AT-11-W41": 0.0,
               "IN": 36.5,
               "OUT": 0.0
            },
            "AP-AT-02-W16": {
               "AP-AT-02-W14": 0.0,
               "AP-AT-02-W15": 6.5,
               "AP-AT-02-W16": 0.0,
               "AP-AT-02-W17": 0.5,
               "AP-AT-02-W18": 0.0,
               "AP-AT-11-W41": 0.0,
               "IN": 1.75,
               "OUT": 0.0
            },
            "AP-AT-02-W17": {
               "AP-AT-02-W14": 0.0,
               "AP-AT-02-W15": 2.75,
               "AP-AT-02-W16": 0.75,
               "AP-AT-02-W17": 0.0,
               "AP-AT-02-W18": 0.25,
               "AP-AT-11-W41": 0.0,
               "IN": 0.5,
               "OUT": 0.0
            },
            "AP-AT-02-W18": {
               "AP-AT-02-W14": 0.0,
               "AP-AT-02-W15": 0.25,
               "AP-AT-02-W16": 0.25,
               "AP-AT-02-W17": 0.25,
               "AP-AT-02-W18": 0.0,
               "AP-AT-11-W41": 0.25,
               "IN": 0.25,
               "OUT": 0.0
            },
            "AP-AT-11-W41": {
               "AP-AT-02-W14": 0.0,
               "AP-AT-02-W15": 0.25,
               "AP-AT-02-W16": 0.0,
               "AP-AT-02-W17": 0.25,
               "AP-AT-02-W18": 0.0,
               "AP-AT-11-W41": 0.0,
               "IN": 0.0,
               "OUT": 0.0
            },
            "IN": {
               "AP-AT-02-W14": 0.0,
               "AP-AT-02-W15": 0.0,
               "AP-AT-02-W16": 0.0,
               "AP-AT-02-W17": 0.0,
               "AP-AT-02-W18": 0.0,
               "AP-AT-11-W41": 0.0,
               "IN": 0.0,
               "OUT": 0.0
            },
            "OUT": {
               "AP-AT-02-W14": 1.25,
               "AP-AT-02-W15": 31.0,
               "AP-AT-02-W16": 4.0,
               "AP-AT-02-W17": 2.25,
               "AP-AT-02-W18": 0.25,
               "AP-AT-11-W41": 0.25,
               "IN": 0.0,
               "OUT": 0.0
            }
         },
         {
            "AP-AT-02-W14": {
               "AP-AT-02-W14": 0.0,
               "AP-AT-02-W15": 0.6622516556,
               "AP-AT-02-W17": 0.0,
               "IN": 47.6821192053,
               "OUT": 0.0
            },
            "AP-AT-02-W15": {
               "AP-AT-02-W14": 1.9867549669,