{
   "Day4": {
      "Threshold": 32,
      "n_clusters_distortion": 6,
      "PercentUsrCluster": [
         19.848771266540645,
         18.714555765595463,
         19.659735349716446,
         8.128544423440454,
         14.555765595463138,
         19.092627599243855
      ],
      "TransitionMatricesByCluster": [
         {
            "AP-AT-02-W14": {
               "AP-AT-02-W14": 0.0,
               "AP-AT-02-W15": 0.3311258278,
               "AP-AT-02-W16": 0.3311258278,
               "AP-AT-02-W17": 1.6556291391,
               "AP-AT-02-W18": 0.0,
               "AP-AT-11-W41": 0.0,
               "IN": 0.0,
               "OUT": 0.0
            },
            "AP-AT-02-W15": {
               "AP-AT-02-W14": 0.3311258278,
               "AP-AT-02-W15": 0.0,
               "AP-AT-02-W16": 1.3245033113,
               "AP-AT-02-W17": 1.6556291391,
               "AP-AT-02-W18": 0.0,
               "AP-AT-11-W41": 0.0,
               "IN": 3.642384106,
               "OUT": 0.0
            },
            "AP-AT-02-W16": {
               "AP-AT-02-W14": 0.0,
               "AP-AT-02-W15": 0.3311258278,
               "AP-AT-02-W16": 0.0,
               "AP-AT-02-W17": 5.9602649007,
               "AP-AT-02-W18": 0.3311258278,
               "AP-AT-11-W41": 0.3311258278,
               "IN": 1.9867549669,
               "OUT": 0.0
            },
            "AP-AT-02-W17": {
               "AP-AT-02-W14": 0.0,
               "AP-AT-02-W15": 4.3046357616,
               "AP-AT-02-W16": 3.642384106,
               "AP-AT-02-W17": 0.0,
               "AP-AT-02-W18": 3.3112582781,
               "AP-AT-11-W41": 0.3311258278,
               "IN": 26.4900662252,
               "OUT": 0.0
            },
            "AP-AT-02-W18": {
               "AP-AT-02-W14": 0.0,
               "AP-AT-02-W15": 0.0,
               "AP-AT-02-W16": 0.0,
               "AP-AT-02-W17": 4.6357615894,
               "AP-AT-02-W18": 0.0,
               "AP-AT-11-W41": 0.0,
               "IN": 2.3178807947,
               "OUT": 0.0
            },
            "AP-AT-11-W41": {
               "AP-AT-02-W14": 0.0,
               "AP-AT-02-W15": 0.0,
               "AP-AT-02-W16": 0.0,
               "AP-AT-02-W17": 1.3245033113,
               "AP-AT-02-W18": 0.3311258278,
               "AP-AT-11-W41": 0.0,
               "IN": 0.3311258278,
               "OUT": 0.0
            },
            "IN": {
               "AP-AT-02-W14": 0.0,
               "AP-AT-02-W15": 0.0,
               "AP-AT-02-W16": 0.0,
               "AP-AT-02-W17": 0.0,
               "AP-AT-02-W18": 0.0,
               "AP-AT-11-W41": 0.0,
               "IN": 0.0,
               "OUT": 0.0
            },
            "OUT": {
               "AP-AT-02-W14": 1.9867549669,
               "AP-AT-02-W15": 1.9867549669,
               "AP-AT-02-W16": 3.642384106,
               "AP-AT-02-W17": 22.8476821192,
               "AP-AT-02-W18": 2.9801324503,
               "AP-AT-11-W41": 1.3245033113,
               "IN": 0.0,
               "OUT": 0.0
            }
         },
         {
            "AP-AT-02-W14": {
               "AP-AT-02-W14": 0.0,
               "AP-AT-02-W15": 0.0,
               "AP-AT-02-W16": 0.7434944238,
               "AP-AT-02-W17": 0.0,
               "AP-AT-02-W18": 0.0,
               "AP-AT-11-W41": 0.0,
               "IN": 1.1152416357,
               "OUT": 0.0
            },
            "AP-AT-02-W15": {
               "AP-AT-02-W14": 0.7434944238,
               "AP-AT-02-W15": 0.0,
               "AP-AT-02-W16": 5.2044609665,
               "AP-AT-02-W17": 0.3717472119,
               "AP-AT-02-W18": 0.0,
               "AP-AT-11-W41": 0.0,
               "IN": 1.1152416357,
               "OUT": 0.0
            },
            "AP-AT-02-W16": {
               "AP-AT-02-W14": 0.3717472119,
               "AP-AT-02-W15": 5.2044609665,
               "AP-AT-02-W16": 0.0,
               "AP-AT-02-W17": 4.4609665428,
               "AP-AT-02-W18": 1.1152416357,
               "AP-AT-11-W41": 0.7434944238,
               "IN": 31.2267657993,
               "OUT": 0.0
            },
            "AP-AT-02-W17": {
               "AP-AT-02-W14": 0.0,
               "AP-AT-02-W15": 0.3717472119,
               "AP-AT-02-W16": 5.2044609665,
               "AP-AT-02-W17": 0.0,
               "AP-AT-02-W18": 0.3717472119,
               "AP-AT-11-W41": 0.0,
               "IN": 1.8587360595,
               "OUT": 0.0
            },
            "AP-AT-02-W18": {
               "AP-AT-02-W14": 0.0,
               "AP-AT-02-W15": 0.0,
               "AP-AT-02-W16": 1.1152416357,
               "AP-AT-02-W17": 0.0,
               "AP-AT-02-W18": 0.0,
               "AP-AT-11-W41": 0.0,
               "IN": 0.7434944238,
               "OUT": 0.0
            },
            "AP-AT-11-W41": {
               "AP-AT-02-W14": 0.0,
               "AP-AT-02-W15": 0.0,
               "AP-AT-02-W16": 0.3717472119,
               "AP-AT-02-W17": 0.0,
               "AP-AT-02-W18": 0.0,
               "AP-AT-11-W41": 0.0,
               "IN": 0.7434944238,
               "OUT": 0.0
            },
            "IN": {
               "AP-AT-02-W14": 0.0,
               "AP-AT-02-W15": 0.0,
               "AP-AT-02-W16": 0.0,
               "AP-AT-02-W17": 0.0,
               "AP-AT-02-W18": 0.0,
               "AP-AT-11-W41": 0.0,
               "IN": 0.0,
               "OUT": 0.0
            },
            "OUT": {
               "AP-AT-02-W14": 0.7434944238,
               "AP-AT-02-W15": 1.8587360595,
               "AP-AT-02-W16": 30.4832713755,
               "AP-AT-02-W17": 2.9739776952,
               "AP-AT-02-W18": 0.3717472119,
               "AP-AT-11-W41": 0.3717472119,
               "IN": 0.0,
               "OUT": 0.0
            }
         },
         {
            "AP-AT-02-W14": {
               "AP-AT-02-W14": 0.0,
               "AP-AT-02-W15": 0.7462686567,
               "AP-AT-02-W16": 0.0,
               "AP-AT-02-W17": 0.0,
               "AP-AT-02-W18": 0.0,
               "AP-AT-11-W41": 0.0,
               "IN": 0.0,
               "OUT": 0.0
            },
            "AP-AT-02-W15": {
               "AP-AT-02-W14": 0.3731343284,
               "AP-AT-02-W15": 0.0,
               "AP-AT-02-W16": 3.7313432836,
               "AP-AT-02-W17": 2.6119402985,
               "AP-AT-02-W18": 0.7462686567,
               "AP-AT-11-W41": 0.3731343284,
               "IN": 33.9552238806,
               "OUT": 0.0
            },
            "AP-AT-02-W16": {
               "AP-AT-02-W14": 0.0,
               "AP-AT-02-W15": 8.9552238806,
               "AP-AT-02-W16": 0.0,
               "AP-AT-02-W17": 0.7462686567,
               "AP-AT-02-W18": 0.0,
               "AP-AT-11-W41": 0.0,
               "IN": 1.1194029851,
               "OUT": 0.0
            },
            "AP-AT-02-W17": {
               "AP-AT-02-W14": 0.0,
               "AP-AT-02-W15": 2.6119402985,
               "AP-AT-02-W16": 0.3731343284,
               "AP-AT-02-W17": 0.0,
               "AP-AT-02-W18": 0.3731343284,
               "AP-AT-11-W41": 0.0,
               "IN": 2.6119402985,
               "OUT": 0.0
            },
            "AP-AT-02-W18": {
               "AP-AT-02-W14": 0.0,
               "AP-AT-02-W15": 0.3731343284,
               "AP-AT-02-W16": 0.0,
               "AP-AT-02-W17": 0.0,
               "AP-AT-02-W18": 0.0,
               "AP-AT-11-W41": 0.0,
               "IN": 0.7462686567,
               "OUT": 0.0
            },
            "AP-AT-11-W41": {
               "AP-AT-02-W14": 0.0,
               "AP-AT-02-W15": 0.0,
               "AP-AT-02-W16": 0.3731343284,
               "AP-AT-02-W17": 0.0,
               "AP-AT-02-W18": 0.0,
               "AP-AT-11-W41": 0.0,
               "IN": 0.3731343284,
               "OUT": 0.0
            },
            "IN": {
               "AP-AT-02-W14": 0.0,
               "AP-AT-02-W15": 0.0,