{
   "Day5": {
      "Threshold": 43,
      "n_clusters_distortion": 6,
      "PercentUsrCluster": [
         13.409961685823754,
         15.32567049808429,
         39.84674329501915,
         13.409961685823754,
         4.980842911877394,
         13.026819923371647
      ],
      "TransitionMatricesByCluster": [
         {
            "AP-AT-02-W14": {
               "AP-AT-02-W14": 0.0,
               "AP-AT-02-W15": 0.0,
               "AP-AT-02-W17": 0.0,
               "AP-AT-02-W18": 1.0416666667,
               "AP-AT-11-W41": 0.0,
               "IN": 0.0,
               "OUT": 0.0
            },
            "AP-AT-02-W15": {
               "AP-AT-02-W14": 1.0416666667,
               "AP-AT-02-W15": 0.0,
               "AP-AT-02-W17": 1.0416666667,
               "AP-AT-02-W18": 2.0833333333,
               "AP-AT-11-W41": 0.0,
               "IN": 0.0,
               "OUT": 0.0
            },
            "AP-AT-02-W17": {
               "AP-AT-02-W14": 0.0,
               "AP-AT-02-W15": 0.0,
               "AP-AT-02-W17": 0.0,
               "AP-AT-02-W18": 9.375,
               "AP-AT-11-W41": 1.0416666667,
               "IN": 3.125,
               "OUT": 0.0
            },
            "AP-AT-02-W18": {
               "AP-AT-02-W14": 0.0,
               "AP-AT-02-W15": 0.0,
               "AP-AT-02-W17": 9.375,
               "AP-AT-02-W18": 0.0,
               "AP-AT-11-W41": 1.0416666667,
               "IN": 32.2916666667,
               "OUT": 0.0
            },
            "AP-AT-11-W41": {
               "AP-AT-02-W14": 0.0,
               "AP-AT-02-W15": 0.0,
               "AP-AT-02-W17": 0.0,
               "AP-AT-02-W18": 1.0416666667,
               "AP-AT-11-W41": 0.0,
               "IN": 1.0416666667,
               "OUT": 0.0
            },
            "IN": {
               "AP-AT-02-W14": 0.0,
               "AP-AT-02-W15": 0.0,
               "AP-AT-02-W17": 0.0,
               "AP-AT-02-W18": 0.0,
               "AP-AT-11-W41": 0.0,
               "IN": 0.0,
               "OUT": 0.0
            },
            "OUT": {
               "AP-AT-02-W14": 0.0,
               "AP-AT-02-W15": 4.1666666667,
               "AP-AT-02-W17": 3.125,
               "AP-AT-02-W18": 29.1666666667,
               "AP-AT-11-W41": 0.0,
               "IN": 0.0,
               "OUT": 0.0
            }
         },
         {
            "AP-AT-02-W15": {
               "AP-AT-02-W15": 0.0,
               "AP-AT-02-W16": 3.7037037037,
               "AP-AT-02-W17": 1.8518518519,
               "AP-AT-02-W18": 0.0,
               "AP-AT-11-W41": 0.0,
               "IN": 1.8518518519,
               "OUT": 0.0
            },
            "AP-AT-02-W16": {
               "AP-AT-02-W15": 2.7777777778,
               "AP-AT-02-W16": 0.0,
               "AP-AT-02-W17": 3.7037037037,
               "AP-AT-02-W18": 0.0,
               "AP-AT-11-W41": 0.9259259259,
               "IN": 31.4814814815,
               "OUT": 0.0
            },
            "AP-AT-02-W17": {
               "AP-AT-02-W15": 0.9259259259,
               "AP-AT-02-W16": 11.1111111111,
               "AP-AT-02-W17": 0.0,
               "AP-AT-02-W18": 0.0,
               "AP-AT-11-W41": 0.0,
               "IN": 2.7777777778,
               "OUT": 0.0
            },
            "AP-AT-02-W18": {
               "AP-AT-02-W15": 0.0,
               "AP-AT-02-W16": 0.9259259259,
               "AP-AT-02-W17": 0.0,
               "AP-AT-02-W18": 0.0,
               "AP-AT-11-W41": 0.0,
               "IN": 0.0,
               "OUT": 0.0
            },
            "AP-AT-11-W41": {
               "AP-AT-02-W15": 0.0,
               "AP-AT-02-W16": 0.0,
               "AP-AT-02-W17": 0.0,
               "AP-AT-02-W18": 0.0,
               "AP-AT-11-W41": 0.0,
               "IN": 0.9259259259,
               "OUT": 0.0
            },
            "IN": {
               "AP-AT-02-W15": 0.0,
               "AP-AT-02-W16": 0.0,
               "AP-AT-02-W17": 0.0,
               "AP-AT-02-W18": 0.0,
               "AP-AT-11-W41": 0.0,
               "IN": 0.0,
               "OUT": 0.0
            },
            "OUT": {
               "AP-AT-02-W15": 3.7037037037,
               "AP-AT-02-W16": 23.1481481481,
               "AP-AT-02-W17": 9.2592592593,
               "AP-AT-02-W18": 0.9259259259,
               "AP-AT-11-W41": 0.0,
               "IN": 0.0,
               "OUT": 0.0
            }
         },
         {
            "AP-AT-02-W14": {
               "AP-AT-02-W14": 0.0,
               "AP-AT-02-W15": 1.646090535,
               "AP-AT-02-W16": 0.4115226337,
               "AP-AT-02-W17": 0.0,
               "AP-AT-02-W18": 0.0,
               "IN": 1.2345679012,
               "OUT": 0.0
            },
            "AP-AT-02-W15": {
               "AP-AT-02-W14": 1.646090535,
               "AP-AT-02-W15": 0.0,
               "AP-AT-02-W16": 3.29218107,
               "AP-AT-02-W17": 0.0,
               "AP-AT-02-W18": 0.0,
               "IN": 39.0946502058,
               "OUT": 0.0
            },
            "AP-AT-02-W16": {
               "AP-AT-02-W14": 0.0,
               "AP-AT-02-W15": 3.7037037037,
               "AP-AT-02-W16": 0.0,
               "AP-AT-02-W17": 0.0,
               "AP-AT-02-W18": 0.0,
               "IN": 2.4691358025,
               "OUT": 0.0
            },
            "AP-AT-02-W17": {
               "AP-AT-02-W14": 0.0,
               "AP-AT-02-W15": 2.0576131687,
               "AP-AT-02-W16": 0.0,
               "AP-AT-02-W17": 0.0,
               "AP-AT-02-W18": 0.0,
               "IN": 0.0,
               "OUT": 0.0
            },
            "AP-AT-02-W18": {
               "AP-AT-02-W14": 0.0,
               "AP-AT-02-W15": 1.646090535,
               "AP-AT-02-W16": 0.0,
               "AP-AT-02-W17": 0.0,
               "AP-AT-02-W18": 0.0,
               "IN": 0.0,
               "OUT": 0.0
            },
            "IN": {
               "AP-AT-02-W14": 0.0,
               "AP-AT-02-W15": 0.0,
               "AP-AT-02-W16": 0.0,
               "AP-AT-02-W17": 0.0,
               "AP-AT-02-W18": 0.0,
               "IN": 0.0,
               "OUT": 0.0
            },
            "OUT": {
               "AP-AT-02-W14": 1.646090535,
               "AP-AT-02-W15": 34.9794238683,
               "AP-AT-02-W16": 2.4691358025,
               "AP-AT-02-W17": 2.0576131687,
               "AP-AT-02-W18": 1.646090535,
               "IN": 0.0,
               "OUT": 0.0
            }
         },
         {
            "AP-AT-02-W17": {
               "AP-AT-02-W17": 0.0,
               "AP-AT-02-W18": 0.0,
               "AP-AT-11-W41": 2.6315789474,
               "IN": 1.3157894737,
               "OUT": 0.0
            },
            "AP-AT-02-W18": {
               "AP-AT-02-W17": 0.0,
               "AP-AT-02-W18": 0.0,
               "AP-AT-11-W41": 2.6315789474,
               "IN": 0.0,
               "OUT": 0.0
            },
            "AP-AT-11-W41": {
               "AP-AT-02-W17": 1.3157894737,
               "AP-AT-02-W18": 1.3157894737,
               "AP-AT-11-W41": 0.0,
               "IN": 44.7368421053,
               "OUT": 0.0
            },
            "IN": {
               "AP-AT-02-W17": 0.0,
               "AP-AT-02-W18": 0.0,
               "AP-AT-11-W41": 0.0,
               "IN": 0.0,
               "OUT": 0.0
            },
            "OUT": {
               "AP-AT-02-W17": 2.6315789474,
               "AP-AT-02-W18": 1.3157894737,
               "AP-AT-11-W41": 42.1052631579,
               "IN": 0.0,
               "OUT": 0.0
            }
         },
         {
            "AP-AT-02-W14": {
               "AP-AT-02-W14": 0.0,
               "AP-AT-02-W15": 3.125,
               "AP-AT-02-W17": 0.0,
               "AP-AT-02-W18": 0.0,
               "AP-AT-11-W41": 0.0,
               "IN": 40.625,
               "OUT": 0.0
            },